,res,comid,sum_conn_strength,sum_weighted_lengths,weighted_conn_length_com
0,5e-07,0.0,592.6735752184024,2419228.4177332656,4081.8901312442867
1,5e-07,1.0,106.37470698093585,797510.0201215624,7497.17712749601
2,5e-07,2.0,316.10120663304014,1110208.219039503,3512.192284442421
3,5e-07,3.0,245.77822362098593,1049777.5227444635,4271.238953876253
4,5e-07,4.0,27.23242823253263,68747.29526480407,2524.464387743308
5,5e-07,5.0,2.0546778721086425,12681.74750896258,6172.134173006767
6,5e-07,6.0,4.655831909512893,2894.3711109668543,621.6657231660394
7,5e-07,7.0,1.349603174603175,1021.2837511973348,756.7289188524796
8,5e-07,8.0,1.3809523809523827,1033.0668820250698,748.0829145698772
9,5e-07,9.0,1.035257936507936,598.4781536686176,578.0956924487483
10,5e-07,10.0,1.0360119047619112,1017.4202464385588,982.0545900699616
11,5e-07,11.0,1.518174603174604,1899.248317221592,1251.007830884628
12,5e-07,12.0,0.08333333333333401,154.8232041740551,1857.878450088646
13,5e-07,13.0,0.011819727891154999,11.015214553624453,931.9346989254648
14,5e-07,14.0,0.8452380952380951,850.9190404457072,1006.7211182737946
15,5e-07,15.0,0.23809523809524,153.01990205343242,642.6835886244111
16,5e-07,16.0,0.03248299319728,116.40614983621704,3583.6029373661427
17,5e-07,17.0,2.8391723356009146,3366.822785165799,1185.8465732948212
18,5e-07,18.0,0.36904761904761996,146.14919648130157,396.01717756223553
19,5e-07,19.0,0.019642857142856997,24.405479980038685,1242.4607989837968
20,5e-07,20.0,0.175744047619048,447.7814889032296,2547.918378856644
21,5e-07,21.0,0.026190476190476004,28.992670097680275,1106.9928582750729
22,5e-07,22.0,0.032738095238094,50.20170671990718,1533.4339507172228
23,5e-07,23.0,0.023809523809524,166.17824543969112,6979.486308466971
24,5e-07,24.0,0.021428571428571998,76.01885502186637,3547.546567687003
25,5e-07,26.0,0.000865800865801,4.201155013754421,4852.334040885604
26,5e-07,27.0,0.00952380952381,52.43548305819015,5505.72572110969
27,5e-07,29.0,0.00297619047619,22.616130185797655,7599.019742429228
28,5e-07,31.0,0.001984126984127,4.1281055659800545,2080.565205253931
29,5e-07,32.0,0.011904761904762,40.733098267588495,3421.5802544774065
30,1e-06,0.0,585.0715712587566,2412352.4284050893,4123.174918950541
31,1e-06,1.0,327.0482607096179,1143592.8487568046,3496.7097708316096
32,1e-06,2.0,104.97470519124907,787583.2503055979,7502.6002585168735
33,1e-06,3.0,234.58295227897648,1014432.8595704514,4324.409978283686
34,1e-06,4.0,24.63118942504381,66122.64856502226,2684.5089542363685
35,1e-06,5.0,2.0630894833284725,12820.51488093569,6214.231124988235
36,1e-06,6.0,27.223929555283956,68679.56766507044,2522.764670162771
37,1e-06,7.0,5.610576499118169,3125.6298666129287,557.0960251774828
38,1e-06,8.0,2.8907534528963184,3380.537091491661,1169.4311350228143
39,1e-06,9.0,4.655831909512893,2894.3711109668543,621.6657231660394
40,1e-06,10.0,1.349603174603175,1021.2837511973348,756.7289188524796
41,1e-06,11.0,1.3809523809523827,1033.0668820250698,748.0829145698772
42,1e-06,12.0,1.035257936507936,598.4781536686176,578.0956924487483
43,1e-06,13.0,2.8391723356009146,3366.822785165799,1185.8465732948212
44,1e-06,14.0,1.518174603174604,1899.248317221592,1251.007830884628
45,1e-06,15.0,0.08333333333333401,154.8232041740551,1857.878450088646
46,1e-06,16.0,0.011819727891154999,11.015214553624453,931.9346989254648
47,1e-06,17.0,0.175744047619048,447.7814889032296,2547.918378856644
48,1e-06,18.0,0.86031746031746,701.4011002952724,815.2817217454276
49,1e-06,19.0,0.8452380952380951,850.9190404457072,1006.7211182737946
50,1e-06,20.0,1.4462089748180067,5792.386165126641,4005.2207294976606
51,1e-06,21.0,0.03248299319728,116.40614983621704,3583.6029373661427
52,1e-06,22.0,0.032738095238094,50.20170671990718,1533.4339507172228
53,1e-06,23.0,0.85625,1061.782320542047,1240.037746618449
54,1e-06,24.0,0.36904761904761996,146.14919648130157,396.01717756223553
55,1e-06,25.0,0.019642857142856997,24.405479980038685,1242.4607989837968
56,1e-06,26.0,0.016190476190477,61.9381308999714,3825.590437939218
57,1e-06,27.0,0.023809523809524,166.17824543969112,6979.486308466971
58,1e-06,28.0,0.021428571428571998,76.01885502186637,3547.546567687003
59,1e-06,29.0,0.004761904761905,10.849848503609493,2278.46818575788
60,1e-06,31.0,0.000865800865801,4.201155013754421,4852.334040885604
61,1e-06,32.0,0.00952380952381,52.43548305819015,5505.72572110969
62,1e-06,35.0,0.00297619047619,22.616130185797655,7599.019742429228
63,1e-06,37.0,0.001984126984127,4.1281055659800545,2080.565205253931
64,1e-06,38.0,0.011904761904762,40.733098267588495,3421.5802544774065
65,7e-06,0.0,95.48987446239735,744054.811983789,7791.97602020922
66,7e-06,1.0,299.10493075244307,1001555.7323234444,3348.5096009747535
67,7e-06,2.0,213.16813297868225,709940.9255960191,3330.427093748653
68,7e-06,3.0,181.2955308814889,775354.7977980459,4276.745234855721
69,7e-06,4.0,92.13040544732281,232139.71112407555,2519.686199110515
70,7e-06,5.0,166.3478183479816,817503.7829219771,4914.4244333391125
71,7e-06,6.0,146.53503250405353,521698.35058132384,3560.2295346465517
72,7e-06,7.0,137.37851549568538,738000.8485671893,5372.02521008729
73,7e-06,8.0,24.881189425043814,66360.7224491766,2667.1041048536904
74,7e-06,9.0,129.95051455037125,720115.2944039464,5541.457814888576
75,7e-06,10.0,64.29535507867878,154132.11800074036,2397.251213748296
76,7e-06,11.0,9.366645880126464,40159.62142066573,4287.5135811287355
77,7e-06,12.0,2.0546778721086425,12681.74750896258,6172.134173006767
78,7e-06,13.0,13.003788771950012,8416.76185170391,647.2545809002522
79,7e-06,14.0,7.844659664587608,33692.04956751973,4294.902648181476
80,7e-06,15.0,1.4561991249491237,1145.7538874596853,786.8112731490038
81,7e-06,16.0,4.791660740053609,6166.316520789108,1286.885039511399
82,7e-06,17.0,1.349603174603175,1021.2837511973348,756.7289188524796
83,7e-06,18.0,1.3812324920133174,9392.614172115349,6800.168853850557
84,7e-06,19.0,1.3809523809523827,1033.0668820250698,748.0829145698772
85,7e-06,20.0,1.0360119047619112,1017.4202464385588,982.0545900699616
86,7e-06,21.0,4.655831909512893,2894.3711109668543,621.6657231660394
87,7e-06,22.0,4.820162526014161,14373.834767701268,2982.0228446917395
88,7e-06,23.0,2.8391723356009146,3366.822785165799,1185.8465732948212
89,7e-06,24.0,0.4401984126984119,486.92283707336543,1106.1440092174191
90,7e-06,25.0,1.76865889212828,2058.268607426014,1163.745375994598
91,7e-06,26.0,1.518174603174604,1899.248317221592,1251.007830884628
92,7e-06,27.0,4.610064713745693,2662.4889401921414,577.538300547816
93,7e-06,28.0,1.035257936507936,598.4781536686176,578.0956924487483
94,7e-06,29.0,0.08333333333333401,154.8232041740551,1857.878450088646
95,7e-06,30.0,0.011819727891154999,11.015214553624453,931.9346989254648
96,7e-06,31.0,1.8199644799644887,2081.343315198216,1143.6175475462176
97,7e-06,32.0,0.8452380952380951,850.9190404457072,1006.7211182737946
98,7e-06,33.0,0.86031746031746,701.4011002952724,815.2817217454276
99,7e-06,34.0,0.037321428571428,82.51338007430849,2210.8848249575817
100,7e-06,35.0,0.85625,1061.782320542047,1240.037746618449
101,7e-06,36.0,0.23809523809524,153.01990205343242,642.6835886244111
102,7e-06,37.0,0.175744047619048,447.7814889032296,2547.918378856644
103,7e-06,38.0,0.026190476190476004,28.992670097680275,1106.9928582750729
104,7e-06,39.0,0.03248299319728,116.40614983621704,3583.6029373661427
105,7e-06,40.0,0.032738095238094,50.20170671990718,1533.4339507172228
106,7e-06,41.0,0.9527777777777757,1498.6930408006754,1572.972287720829
107,7e-06,42.0,1.012301587301587,872.4107040764275,861.8090843875334
108,7e-06,43.0,0.016190476190477,61.9381308999714,3825.590437939218
109,7e-06,44.0,0.014186507936508,44.264001157946964,3120.147773930793
110,7e-06,46.0,0.015873015873016,65.42541809451137,4121.801339954183
111,7e-06,48.0,0.001339285714286,9.671478813197663,7221.370847186047
112,7e-06,49.0,0.023809523809524,166.17824543969112,6979.486308466971
113,7e-06,51.0,0.004761904761905,10.849848503609493,2278.46818575788
114,7e-06,52.0,0.07217261904761998,209.24041988499607,2899.166230159083
115,7e-06,53.0,0.021428571428571998,76.01885502186637,3547.546567687003
116,7e-06,59.0,0.000865800865801,4.201155013754421,4852.334040885604
117,7e-06,61.0,0.00952380952381,52.43548305819015,5505.72572110969
118,7e-06,62.0,0.00297619047619,22.616130185797655,7599.019742429228
119,7e-06,65.0,0.001984126984127,4.1281055659800545,2080.565205253931
120,7e-06,66.0,0.011904761904762,40.733098267588495,3421.5802544774065
121,8e-06,0.0,222.92038274817602,1002658.8946701878,4497.834080084324
122,8e-06,1.0,159.15746422221267,567681.2584646915,3566.790041792231
123,8e-06,2.0,197.01032596622167,620680.4317017976,3150.496953181105
124,8e-06,3.0,74.72696509001126,573939.4177145704,7680.486113991652
125,8e-06,4.0,51.24469890766962,302242.0268074698,5898.015467942075
126,8e-06,5.0,64.31853757569193,154761.59153145694,2406.1739797695022
127,8e-06,6.0,81.27569437499285,600850.7389627598,7392.748146703394
128,8e-06,7.0,139.4553608169731,485464.4371247415,3481.1457535998547
129,8e-06,8.0,135.10541747890676,391614.24456258176,2898.5828390169645
130,8e-06,9.0,129.9586778156774,720156.6072247731,5541.427623988169
131,8e-06,10.0,21.652801323189294,159039.60944818886,7344.990011886533
132,8e-06,11.0,9.366645880126464,40159.62142066573,4287.5135811287355
133,8e-06,12.0,24.620823840453813,66096.54928213825,2684.579107118942
134,8e-06,13.0,2.0546778721086425,12681.74750896258,6172.134173006767
135,8e-06,14.0,24.858074345678734,66145.74326982703,2660.935933733163
136,8e-06,15.0,5.610576499118169,3125.6298666129287,557.0960251774828
137,8e-06,16.0,8.17617048573816,11056.313173725119,1352.2605959612563
138,8e-06,17.0,1.4561991249491237,1145.7538874596853,786.8112731490038
139,8e-06,18.0,4.703009946402814,5769.6918556312585,1226.8083464387134
140,8e-06,19.0,1.349603174603175,1021.2837511973348,756.7289188524796
141,8e-06,20.0,1.3809523809523827,1033.0668820250698,748.0829145698772
142,8e-06,21.0,1.0360119047619112,1017.4202464385588,982.0545900699616
143,8e-06,22.0,4.655831909512893,2894.3711109668543,621.6657231660394
144,8e-06,23.0,4.820162526014161,14373.834767701268,2982.0228446917395
145,8e-06,24.0,2.8391723356009146,3366.822785165799,1185.8465732948212
146,8e-06,25.0,1.76865889212828,2058.268607426014,1163.745375994598
147,8e-06,26.0,1.518174603174604,1899.248317221592,1251.007830884628
148,8e-06,27.0,1.035257936507936,598.4781536686176,578.0956924487483
149,8e-06,28.0,4.610064713745693,2662.4889401921414,577.538300547816
150,8e-06,29.0,0.08333333333333401,154.8232041740551,1857.878450088646
151,8e-06,30.0,0.011819727891154999,11.015214553624453,931.9346989254648
152,8e-06,31.0,0.037321428571428,82.51338007430849,2210.8848249575817
153,8e-06,32.0,0.36904761904761996,146.14919648130157,396.01717756223553
154,8e-06,33.0,0.8452380952380951,850.9190404457072,1006.7211182737946
155,8e-06,34.0,0.86031746031746,701.4011002952724,815.2817217454276
156,8e-06,35.0,0.85625,1061.782320542047,1240.037746618449
157,8e-06,36.0,0.175744047619048,447.7814889032296,2547.918378856644
158,8e-06,37.0,0.026190476190476004,28.992670097680275,1106.9928582750729
159,8e-06,38.0,0.03248299319728,116.40614983621704,3583.6029373661427
160,8e-06,39.0,0.032738095238094,50.20170671990718,1533.4339507172228
161,8e-06,40.0,0.014186507936508,44.264001157946964,3120.147773930793
162,8e-06,43.0,0.015873015873016,65.42541809451137,4121.801339954183
163,8e-06,44.0,0.001339285714286,9.671478813197663,7221.370847186047
164,8e-06,46.0,0.023809523809524,166.17824543969112,6979.486308466971
165,8e-06,47.0,0.01142857142857,28.472673323133805,2491.3589157745196
166,8e-06,50.0,0.07217261904761998,209.24041988499607,2899.166230159083
167,8e-06,51.0,0.021428571428571998,76.01885502186637,3547.546567687003
168,8e-06,52.0,0.004761904761905,10.849848503609493,2278.46818575788
169,8e-06,58.0,0.000865800865801,4.201155013754421,4852.334040885604
170,8e-06,61.0,0.00297619047619,22.616130185797655,7599.019742429228
171,8e-06,64.0,0.001984126984127,4.1281055659800545,2080.565205253931
172,8e-06,65.0,0.011904761904762,40.733098267588495,3421.5802544774065
173,1e-05,0.0,182.74001022980582,546684.3008019767,2991.5960938958606
174,1e-05,1.0,145.88039448729072,520144.0345504007,3565.551329762248
175,1e-05,2.0,74.72696509001126,573939.4177145704,7680.486113991652
176,1e-05,3.0,137.39540364629445,738212.091260164,5372.9023800577015
177,1e-05,4.0,97.47379949649417,342737.0475378539,3516.196652929089
178,1e-05,5.0,64.32422343011292,154890.36109264506,2407.9631720844727
179,1e-05,6.0,150.1748014905811,522121.8263104988,3476.760555886242
180,1e-05,7.0,32.14642887576493,218213.15717144028,6788.09948111998
181,1e-05,8.0,73.28084266935875,562985.2098229112,7682.570086742668
182,1e-05,9.0,135.733177723702,746066.5554886872,5496.567368424674
183,1e-05,10.0,84.37423931484555,220226.49766522684,2610.1153557479033
184,1e-05,11.0,9.366645880126464,40159.62142066573,4287.5135811287355
185,1e-05,12.0,24.619038126168096,66080.95219404506,2684.1402923782884
186,1e-05,13.0,20.438217522210806,90630.46857500865,4434.362657923465
187,1e-05,14.0,2.0546778721086425,12681.74750896258,6172.134173006767
188,1e-05,15.0,24.858074345678734,66145.74326982703,2660.935933733163
189,1e-05,16.0,8.18807524764292,11163.893467165064,1363.4331792906744
190,1e-05,17.0,4.708125386518255,5789.306570050696,1229.64154409065
191,1e-05,18.0,5.6084435626102325,3113.2006835879456,555.0917378116625
192,1e-05,19.0,1.4561991249491237,1145.7538874596853,786.8112731490038
193,1e-05,20.0,4.655831909512893,2894.3711109668543,621.6657231660394
194,1e-05,21.0,1.349603174603175,1021.2837511973348,756.7289188524796
195,1e-05,22.0,1.8199644799644887,2081.343315198216,1143.6175475462176
196,1e-05,23.0,1.3809523809523827,1033.0668820250698,748.0829145698772
197,1e-05,24.0,1.0360119047619112,1017.4202464385588,982.0545900699616
198,1e-05,25.0,0.4401984126984119,486.92283707336543,1106.1440092174191
199,1e-05,26.0,1.518174603174604,1899.248317221592,1251.007830884628
200,1e-05,27.0,1.76865889212828,2058.268607426014,1163.745375994598
201,1e-05,28.0,1.035257936507936,598.4781536686176,578.0956924487483
202,1e-05,29.0,0.08333333333333401,154.8232041740551,1857.878450088646
203,1e-05,30.0,0.011819727891154999,11.015214553624453,931.9346989254648
204,1e-05,31.0,7.383061594202902,5230.19448333157,708.4045577295822
205,1e-05,32.0,0.86031746031746,701.4011002952724,815.2817217454276
206,1e-05,33.0,0.037321428571428,82.51338007430849,2210.8848249575817
207,1e-05,34.0,0.8452380952380951,850.9190404457072,1006.7211182737946
208,1e-05,35.0,0.85625,1061.782320542047,1240.037746618449
209,1e-05,36.0,1.4462089748180067,5792.386165126641,4005.2207294976606
210,1e-05,37.0,0.026190476190476004,28.992670097680275,1106.9928582750729
211,1e-05,38.0,2.8391723356009146,3366.822785165799,1185.8465732948212
212,1e-05,39.0,0.03248299319728,116.40614983621704,3583.6029373661427
213,1e-05,40.0,0.032738095238094,50.20170671990718,1533.4339507172228
214,1e-05,41.0,0.001339285714286,9.671478813197663,7221.370847186047
215,1e-05,42.0,0.016190476190477,61.9381308999714,3825.590437939218
216,1e-05,43.0,0.029894179894181,38.408266659589366,1284.807504187986
217,1e-05,47.0,0.076587301587301,134.02777777777675,1750.0
218,1e-05,48.0,1.264764996907855,1083.6490931074325,856.7987695396208
219,1e-05,50.0,0.023809523809524,166.17824543969112,6979.486308466971
220,1e-05,51.0,1.0204761904761899,544.1121091355814,533.1943206648257
221,1e-05,55.0,0.07217261904761998,209.24041988499607,2899.166230159083
222,1e-05,56.0,0.021428571428571998,76.01885502186637,3547.546567687003
223,1e-05,57.0,0.004761904761905,10.849848503609493,2278.46818575788
224,1e-05,58.0,0.014186507936508,44.264001157946964,3120.147773930793
225,1e-05,63.0,0.000865800865801,4.201155013754421,4852.334040885604
226,1e-05,65.0,0.00297619047619,22.616130185797655,7599.019742429228
227,1e-05,67.0,0.001984126984127,4.1281055659800545,2080.565205253931
228,1e-05,68.0,0.011904761904762,40.733098267588495,3421.5802544774065
229,9e-05,0.0,99.6651957948221,302227.31599416194,3032.425849203655
230,9e-05,1.0,80.17006991677549,341238.5553914065,4256.433301675377
231,9e-05,2.0,35.54354387394886,371678.14043439523,10456.980366181535
232,9e-05,3.0,45.116306709934804,108696.51647740157,2409.2512087977743
233,9e-05,4.0,98.33784534847723,557609.5171811348,5670.34507625369
234,9e-05,5.0,44.39143844597467,143096.80053222913,3223.5224976181157
235,9e-05,6.0,30.697714252419843,146863.56052213412,4784.18553624256
236,9e-05,7.0,42.813000242006936,111104.46451279693,2595.110454412496
237,9e-05,8.0,11.158251814573648,54211.84791762338,4858.453530042941
238,9e-05,9.0,62.36568414639941,265374.9647234678,4255.143968284181
239,9e-05,10.0,12.614728166570297,39746.963071868995,3150.837857703551
240,9e-05,11.0,23.87660352210487,55955.96634132813,2343.5479962434483
241,9e-05,12.0,47.86155035361649,190431.82438359704,3978.8060139428335
242,9e-05,13.0,2.614799182462092,13397.852099147989,5123.855089526449
243,9e-05,14.0,47.370493639853585,187962.18098164597,3967.9168726987946
244,9e-05,15.0,25.68465298074235,121727.60456973118,4739.312797451428
245,9e-05,16.0,42.72908965535514,110760.40309694436,2592.1545249458177
246,9e-05,17.0,12.490400033913879,23512.17130138592,1882.4193971006353
247,9e-05,18.0,22.810407093789276,174955.9283957478,7670.004646404757
248,9e-05,19.0,6.602409495962144,24093.496208796892,3649.197497297286
249,9e-05,20.0,7.168914249910496,10278.182898165416,1433.7154190808935
250,9e-05,21.0,21.06609822062883,144542.77977144704,6861.393042870393
251,9e-05,22.0,37.59304470456052,91321.51384822105,2429.213025066378
252,9e-05,23.0,7.630969379234793,33188.590899186675,4349.197231677886
253,9e-05,24.0,6.523379887777037,28711.69058863555,4401.351919184273
254,9e-05,25.0,31.643463231170617,63995.6926288124,2022.3985017472105
255,9e-05,26.0,11.583311395155322,42577.888360026875,3675.7958849172373
256,9e-05,27.0,20.48476130543673,153945.1936204721,7515.108002728569
257,9e-05,28.0,11.300975676853266,12123.440024139496,1072.778171620244
258,9e-05,29.0,13.136496858505293,62585.73199193199,4764.263461259882
259,9e-05,30.0,4.186367098918645,28664.747763948195,6847.165355219903
260,9e-05,31.0,5.6084435626102325,3113.2006835879456,555.0917378116625
261,9e-05,32.0,26.76083015767672,65379.57456170534,2443.1071150066805
262,9e-05,33.0,4.430703392468102,7233.101595499529,1632.495104004325
263,9e-05,34.0,12.015060479714876,22744.458797164032,1892.995781050265
264,9e-05,35.0,0.9462715171538734,4925.530440018788,5205.197821903633
265,9e-05,36.0,1.6317091916262632,9865.34518026579,6046.0192483400615
266,9e-05,37.0,11.161326806026059,38011.08827209993,3405.606603291783
267,9e-05,38.0,1.8199644799644887,2081.343315198216,1143.6175475462176
268,9e-05,39.0,3.8344772846392616,8338.114597846918,2174.5114076562713
269,9e-05,40.0,3.09985292485293,6862.718150668371,2213.885083271803
270,9e-05,41.0,11.903125387994768,25858.939550681793,2172.4495632686985
271,9e-05,42.0,0.5634334554334571,3912.8780085070202,6944.703000457772
272,9e-05,43.0,3.8397672945444126,8376.904370389613,2181.6177199830886
273,9e-05,44.0,3.841049396532496,8505.593042076513,2214.3930379429457
274,9e-05,45.0,4.29384085213033,3832.1355400765774,892.4726537489893
275,9e-05,46.0,2.8391723356009146,3366.822785165799,1185.8465732948212
276,9e-05,47.0,6.106716306696029,26001.196312705393,4257.803213192501
277,9e-05,48.0,0.6380995410212337,2721.598495806394,4265.16291086915
278,9e-05,49.0,1.349603174603175,1021.2837511973348,756.7289188524796
279,9e-05,50.0,1.4551409238909228,1143.2328845562574,785.6509742708288
280,9e-05,51.0,5.788019652305354,13326.841275220002,2302.4872194260697
281,9e-05,52.0,3.6599700640490114,4423.022231242721,1208.4859039392109
282,9e-05,53.0,0.4401984126984119,486.92283707336543,1106.1440092174191
283,9e-05,54.0,0.210863095238096,560.7124950449697,2659.1305340170666
284,9e-05,55.0,1.3809523809523827,1033.0668820250698,748.0829145698772
285,9e-05,56.0,1.0360119047619112,1017.4202464385588,982.0545900699616
286,9e-05,57.0,0.9589285714285728,753.5709149184036,785.8467641607177
287,9e-05,58.0,1.76865889212828,2058.268607426014,1163.745375994598
288,9e-05,59.0,1.518174603174604,1899.248317221592,1251.007830884628
289,9e-05,60.0,0.23809523809524,153.01990205343242,642.6835886244111
290,9e-05,61.0,0.9590916503587766,6586.585727531914,6867.52483463703
291,9e-05,62.0,1.506349206349207,1476.2131051449176,979.9939475672262
292,9e-05,63.0,11.901637292756673,25854.3401187037,2172.3347370398046
293,9e-05,64.0,0.08333333333333401,154.8232041740551,1857.878450088646
294,9e-05,65.0,1.626799628942488,1693.614185383756,1041.071165282169
295,9e-05,66.0,0.011819727891154999,11.015214553624453,931.9346989254648
296,9e-05,67.0,4.6162337662337665,2820.4264462732344,610.9799869546745
297,9e-05,68.0,3.2182539682539764,11077.682523509206,3442.140562175478
298,9e-05,69.0,3.432334608763177,7766.1502329799105,2262.6436866475556
299,9e-05,70.0,1.012301587301587,872.4107040764275,861.8090843875334
300,9e-05,71.0,1.0204761904761899,544.1121091355814,533.1943206648257
301,9e-05,72.0,0.8452380952380951,850.9190404457072,1006.7211182737946
302,9e-05,73.0,0.85625,1061.782320542047,1240.037746618449
303,9e-05,74.0,0.006554922582531,17.620507079721907,2688.133514601822
304,9e-05,75.0,0.027380952380952,104.80072054567282,3827.5045764507126
305,9e-05,76.0,1.4462089748180067,5792.386165126641,4005.2207294976606
306,9e-05,77.0,1.4538181725681718,1136.6441970518522,781.8338073488026
307,9e-05,78.0,0.655347763347767,2965.5928072908914,4525.220002493805
308,9e-05,79.0,0.029894179894181,38.408266659589366,1284.807504187986
309,9e-05,80.0,0.026190476190476004,28.992670097680275,1106.9928582750729
310,9e-05,81.0,0.014186507936508,44.264001157946964,3120.147773930793
311,9e-05,82.0,0.016190476190477,61.9381308999714,3825.590437939218
312,9e-05,83.0,0.03248299319728,116.40614983621704,3583.6029373661427
313,9e-05,84.0,0.032738095238094,50.20170671990718,1533.4339507172228
314,9e-05,85.0,0.3500864875864899,1571.4914125688158,4488.866232463697
315,9e-05,86.0,0.001339285714286,9.671478813197663,7221.370847186047
316,9e-05,87.0,0.019642857142856997,24.405479980038685,1242.4607989837968
317,9e-05,88.0,0.36904761904761996,146.14919648130157,396.01717756223553
318,9e-05,89.0,1.9327900378652294,3242.4510326580903,1677.6012754284393
319,9e-05,90.0,0.48242664742665015,1041.4392686240508,2158.75154114988
320,9e-05,91.0,0.011904761904762,104.7603642544431,8799.87059737315
321,9e-05,92.0,0.015873015873016,65.42541809451137,4121.801339954183
322,9e-05,100.0,0.3552579365079351,573.3540872832076,1613.90929902674
323,9e-05,108.0,1.245238095238094,751.8609323429425,603.7888940421342
324,9e-05,109.0,0.023809523809524,166.17824543969112,6979.486308466971
325,9e-05,119.0,0.07217261904761998,209.24041988499607,2899.166230159083
326,9e-05,120.0,0.004761904761905,10.849848503609493,2278.46818575788
327,9e-05,121.0,0.021428571428571998,76.01885502186637,3547.546567687003
328,9e-05,131.0,0.000865800865801,4.201155013754421,4852.334040885604
329,9e-05,132.0,0.00297619047619,22.616130185797655,7599.019742429228
330,9e-05,133.0,0.311507936507937,469.98453419382054,1508.7401607241093
331,9e-05,137.0,0.001984126984127,4.1281055659800545,2080.565205253931
332,9e-05,138.0,0.011904761904762,40.733098267588495,3421.5802544774065
333,0.0001,0.0,99.56252214298587,301311.84080836107,3026.3580544457745
334,0.0001,1.0,35.58888430173669,371602.24220036535,10441.525478848227
335,0.0001,2.0,45.116306709934804,108696.51647740157,2409.2512087977743
336,0.0001,3.0,98.83960343918086,552168.1290834944,5586.506925063301
337,0.0001,4.0,30.697714252419843,146863.56052213412,4784.18553624256
338,0.0001,5.0,78.52148365212334,329574.9961293054,4197.258900372207
339,0.0001,6.0,55.04117160151987,141153.89544269463,2564.5147320737065
340,0.0001,7.0,99.57190306896177,301541.5171763694,3028.3795717706325
341,0.0001,8.0,63.540783517855935,275528.470818587,4336.246038595971
342,0.0001,9.0,41.53729443677318,136677.66334336647,3290.4806438804794
343,0.0001,10.0,63.06469141547989,274325.4338533782,4349.9052749831135
344,0.0001,11.0,40.53663051477886,95190.70530711283,2348.2638812914697
345,0.0001,12.0,55.2564483420434,331068.5740104736,5991.492105339875
346,0.0001,13.0,37.59304470456052,91321.51384822105,2429.213025066378
347,0.0001,14.0,24.402654707397357,191495.44236185978,7847.320082917468
348,0.0001,15.0,36.86732953265289,112011.54547720845,3038.2332242969037
349,0.0001,16.0,47.40004690120983,189610.78935451034,4000.2236653835616
350,0.0001,17.0,2.614799182462092,13397.852099147989,5123.855089526449
351,0.0001,18.0,19.959286684948296,30283.897264358115,1517.2835453681728
352,0.0001,19.0,9.119884255843848,34219.09382489933,3752.1412404957214
353,0.0001,20.0,7.19272377372002,10451.276356484168,1453.0345784541162
354,0.0001,21.0,21.20059557512618,149885.18877082842,7069.857459414149
355,0.0001,22.0,6.523379887777037,28711.69058863555,4401.351919184273
356,0.0001,23.0,7.630969379234793,33188.590899186675,4349.197231677886
357,0.0001,24.0,11.060212171289805,53320.10097267888,4820.893139020213
358,0.0001,25.0,20.48476130543673,153945.1936204721,7515.108002728569
359,0.0001,26.0,25.68465298074235,121727.60456973118,4739.312797451428
360,0.0001,27.0,12.585944152964856,39608.542965897854,3147.045822268909
361,0.0001,28.0,13.136496858505293,62585.73199193199,4764.263461259882
362,0.0001,29.0,23.87660352210487,55955.96634132813,2343.5479962434483
363,0.0001,30.0,5.6084435626102325,3113.2006835879456,555.0917378116625
364,0.0001,31.0,23.575033120591915,54518.48090573718,2312.551614534841
365,0.0001,32.0,12.608775785617915,39686.35590701687,3147.5185681614507
366,0.0001,33.0,1.6515624454910192,8238.125794544245,4988.0801159141165
367,0.0001,34.0,6.66037907268172,24423.356057717185,3666.96186376122
368,0.0001,35.0,26.76083015767672,65379.57456170534,2443.1071150066805
369,0.0001,36.0,4.430703392468102,7233.101595499529,1632.495104004325
370,0.0001,37.0,6.602409495962144,24093.496208796892,3649.197497297286
371,0.0001,38.0,1.7013227513227525,8454.115598965387,4969.142740489681
372,0.0001,39.0,1.6317091916262632,9865.34518026579,6046.0192483400615
373,0.0001,40.0,11.161326806026059,38011.08827209993,3405.606603291783
374,0.0001,41.0,1.8199644799644887,2081.343315198216,1143.6175475462176
375,0.0001,42.0,3.8344772846392616,8338.114597846918,2174.5114076562713
376,0.0001,43.0,11.903125387994768,25858.939550681793,2172.4495632686985
377,0.0001,44.0,0.5634334554334571,3912.8780085070202,6944.703000457772
378,0.0001,45.0,3.8397672945444126,8376.904370389613,2181.6177199830886
379,0.0001,46.0,3.841049396532496,8505.593042076513,2214.3930379429457
380,0.0001,47.0,4.29384085213033,3832.1355400765774,892.4726537489893
381,0.0001,48.0,2.8391723356009146,3366.822785165799,1185.8465732948212
382,0.0001,49.0,6.106716306696029,26001.196312705393,4257.803213192501
383,0.0001,50.0,0.6380995410212337,2721.598495806394,4265.16291086915
384,0.0001,51.0,1.349603174603175,1021.2837511973348,756.7289188524796
385,0.0001,52.0,24.380527308718765,120414.59655830993,4938.966045875811
386,0.0001,53.0,7.383061594202902,5230.19448333157,708.4045577295822
387,0.0001,54.0,1.4551409238909228,1143.2328845562574,785.6509742708288
388,0.0001,55.0,0.4401984126984119,486.92283707336543,1106.1440092174191
389,0.0001,56.0,1.3809523809523827,1033.0668820250698,748.0829145698772
390,0.0001,57.0,5.780352418745264,13159.762350738398,2276.6366818850424
391,0.0001,58.0,0.210863095238096,560.7124950449697,2659.1305340170666
392,0.0001,59.0,1.0360119047619112,1017.4202464385588,982.0545900699616
393,0.0001,60.0,9.602465986394552,17920.235913740555,1866.2118604878374
394,0.0001,61.0,0.9589285714285728,753.5709149184036,785.8467641607177
395,0.0001,62.0,5.488566767760325,12046.165793149987,2194.774392453199
396,0.0001,63.0,3.0933594183594244,6851.831937843009,2215.013198006233
397,0.0001,64.0,1.76865889212828,2058.268607426014,1163.745375994598
398,0.0001,65.0,1.518174603174604,1899.248317221592,1251.007830884628
399,0.0001,66.0,0.23809523809524,153.01990205343242,642.6835886244111
400,0.0001,67.0,0.9590916503587766,6586.585727531914,6867.52483463703
401,0.0001,68.0,3.420823885109606,5273.79179022529,1541.672990878428
402,0.0001,69.0,11.901637292756673,25854.3401187037,2172.3347370398046
403,0.0001,70.0,0.08333333333333401,154.8232041740551,1857.878450088646
404,0.0001,71.0,1.626799628942488,1693.614185383756,1041.071165282169
405,0.0001,72.0,0.011819727891154999,11.015214553624453,931.9346989254648
406,0.0001,73.0,4.6162337662337665,2820.4264462732344,610.9799869546745
407,0.0001,74.0,1.7103349824778422,2070.624136122169,1210.6541451443384
408,0.0001,75.0,3.432334608763177,7766.1502329799105,2262.6436866475556
409,0.0001,76.0,0.85625,1061.782320542047,1240.037746618449
410,0.0001,77.0,1.012301587301587,872.4107040764275,861.8090843875334
411,0.0001,78.0,0.86031746031746,701.4011002952724,815.2817217454276
412,0.0001,79.0,1.0204761904761899,544.1121091355814,533.1943206648257
413,0.0001,80.0,0.006554922582531,17.620507079721907,2688.133514601822
414,0.0001,81.0,0.8452380952380951,850.9190404457072,1006.7211182737946
415,0.0001,82.0,1.4462089748180067,5792.386165126641,4005.2207294976606
416,0.0001,83.0,1.4538181725681718,1136.6441970518522,781.8338073488026
417,0.0001,84.0,3.0815545565545617,6755.56267597651,2192.2580152304035
418,0.0001,85.0,0.026190476190476004,28.992670097680275,1106.9928582750729
419,0.0001,86.0,0.029894179894181,38.408266659589366,1284.807504187986
420,0.0001,87.0,0.014186507936508,44.264001157946964,3120.147773930793
421,0.0001,88.0,0.016190476190477,61.9381308999714,3825.590437939218
422,0.0001,89.0,0.03248299319728,116.40614983621704,3583.6029373661427
423,0.0001,90.0,0.3500864875864899,1571.4914125688158,4488.866232463697
424,0.0001,91.0,0.032738095238094,50.20170671990718,1533.4339507172228
425,0.0001,92.0,0.015873015873016,65.42541809451137,4121.801339954183
426,0.0001,93.0,0.001339285714286,9.671478813197663,7221.370847186047
427,0.0001,94.0,0.019642857142856997,24.405479980038685,1242.4607989837968
428,0.0001,95.0,0.36904761904761996,146.14919648130157,396.01717756223553
429,0.0001,96.0,0.027380952380952,104.80072054567282,3827.5045764507126
430,0.0001,97.0,0.48242664742665015,1041.4392686240508,2158.75154114988
431,0.0001,98.0,0.14460388321995502,706.6890347010983,4887.068168329637
432,0.0001,100.0,0.011904761904762,104.7603642544431,8799.87059737315
433,0.0001,107.0,0.011904761904762,23.07000624003878,1937.880524163242
434,0.0001,112.0,0.076587301587301,134.02777777777675,1750.0
435,0.0001,118.0,0.023809523809524,166.17824543969112,6979.486308466971
436,0.0001,120.0,1.245238095238094,751.8609323429425,603.7888940421342
437,0.0001,125.0,0.004761904761905,10.849848503609493,2278.46818575788
438,0.0001,126.0,0.021428571428571998,76.01885502186637,3547.546567687003
439,0.0001,127.0,0.01142857142857,28.472673323133805,2491.3589157745196
440,0.0001,135.0,0.000865800865801,4.201155013754421,4852.334040885604
441,0.0001,138.0,0.00297619047619,22.616130185797655,7599.019742429228
442,0.0001,140.0,0.001984126984127,4.1281055659800545,2080.565205253931
443,0.0001,141.0,0.011904761904762,40.733098267588495,3421.5802544774065
444,0.0007,0.0,58.49379705366953,161263.8964384139,2756.940129744872
445,0.0007,1.0,43.33347764217592,138975.69543397773,3207.120752725243
446,0.0007,2.0,29.620590364800847,55833.45922766046,1884.9543017214557
447,0.0007,3.0,49.49741702981656,305574.9765696341,6173.55399344495
448,0.0007,4.0,19.1379165055847,262482.96317825845,13715.336416148666
449,0.0007,5.0,23.05686314503663,106668.43904243034,4626.320517732373
450,0.0007,6.0,24.380527308718765,120414.59655830993,4938.966045875811
451,0.0007,7.0,21.16414220661633,36171.8899400876,1709.1120248086197
452,0.0007,8.0,16.318373144755135,33463.4671733062,2050.661967125175
453,0.0007,9.0,11.094544397155767,75959.50064120187,6846.563312746316
454,0.0007,10.0,33.40539178037759,105282.52450424166,3151.6626177120565
455,0.0007,11.0,8.77154611064696,26238.891101259484,2991.3644379535945
456,0.0007,12.0,6.0065725730796515,25228.037258143253,4200.071996334591
457,0.0007,13.0,30.00449245996482,167904.03435642016,5595.963157199061
458,0.0007,14.0,27.66003734827263,59089.737197698094,2136.2855173942216
459,0.0007,15.0,19.247460252523506,66358.88314918886,3447.669577106343
460,0.0007,16.0,8.900630734047043,41836.35481376511,4700.380912751614
461,0.0007,17.0,8.317517140954315,29490.377330848703,3545.574578457088
462,0.0007,18.0,5.367460317460315,8599.04679825965,1602.0699343201481
463,0.0007,19.0,30.06568216872056,100112.55413854936,3329.794866344442
464,0.0007,20.0,30.89345578255784,103350.73742162866,3345.3925695156295
465,0.0007,21.0,7.621453511895635,68616.06938508096,9003.016193431393
466,0.0007,22.0,5.6084435626102325,3113.2006835879456,555.0917378116625
467,0.0007,23.0,9.72653419701213,35507.38790339759,3650.5693789988436
468,0.0007,24.0,11.945916611905854,39238.3333742542,3284.6649318770114
469,0.0007,25.0,3.689398871457144,12364.862641663041,3351.4572624074895
470,0.0007,26.0,13.777404682618945,24883.411002954883,1806.1029327495082
471,0.0007,27.0,5.826270786092207,13850.88114851113,2377.3150368455813
472,0.0007,28.0,9.766145124716553,19747.50924959108,2022.0372518951503
473,0.0007,29.0,17.007594725730034,231412.2096377058,13606.404278178887
474,0.0007,30.0,19.511926523297486,37546.107543910024,1924.2645004366686
475,0.0007,31.0,1.3384606545320834,8912.959815949958,6659.112306193168
476,0.0007,32.0,7.5372982804232835,12756.667466150819,1692.4721553456186
477,0.0007,33.0,11.891271708166673,25828.240835819684,2172.033527589938
478,0.0007,34.0,12.653614180474108,41969.51272837224,3316.8004121016843
479,0.0007,35.0,16.280630636870168,33757.75660602623,2073.4919524294246
480,0.0007,36.0,10.736253863072198,100612.77463672007,9371.31106621668
481,0.0007,37.0,5.790228874615752,22062.80846335096,3810.3517047614255
482,0.0007,38.0,35.56413964905195,242459.69392616782,6817.53295085352
483,0.0007,39.0,5.178166790220356,16563.602936569125,3198.738782970771
484,0.0007,40.0,11.013842883307175,37695.21681313988,3422.530828932705
485,0.0007,41.0,7.383061594202902,5230.19448333157,708.4045577295822
486,0.0007,42.0,3.802379285047348,7613.121369343405,2002.1993595645745
487,0.0007,43.0,1.8199644799644887,2081.343315198216,1143.6175475462176
488,0.0007,44.0,1.4462089748180067,5792.386165126641,4005.2207294976606
489,0.0007,45.0,3.397808012093733,5205.99467690023,1532.1626938222123
490,0.0007,46.0,3.624255778334726,4226.858766683931,1166.2694426677826
491,0.0007,47.0,8.383869344707588,25261.44523497384,3013.1010153349316
492,0.0007,48.0,4.950436123678619,10687.683571525882,2158.9377793211424
493,0.0007,49.0,4.810751133786832,22674.937103862674,4713.388091230125
494,0.0007,50.0,5.8305202872872135,13429.223172386633,2303.2632613709497
495,0.0007,51.0,3.578909632034631,9423.390362865257,2633.0338934844813
496,0.0007,52.0,3.3085396093921453,4743.815328310642,1433.8094411335126
497,0.0007,53.0,1.0834126984126977,2120.6434088799156,1957.373595479229
498,0.0007,54.0,17.03140406364632,70163.33451375745,4119.644760441196
499,0.0007,55.0,3.2608843537415035,11960.788806051252,3667.9585991228337
500,0.0007,56.0,5.497184768709161,20073.200650172694,3651.541924592476
501,0.0007,57.0,5.0353256003256055,11338.069029176764,2251.705237977778
502,0.0007,58.0,0.6717072940287242,2880.9559676895587,4289.005037313709
503,0.0007,59.0,4.29384085213033,3832.1355400765774,892.4726537489893
504,0.0007,60.0,2.8391723356009146,3366.822785165799,1185.8465732948212
505,0.0007,61.0,1.2063492063492087,885.5379876596228,734.0643845073174
506,0.0007,62.0,1.819846079846076,7024.053542303989,3859.696498562169
507,0.0007,63.0,4.188434518162729,43818.243165969245,10461.723342207166
508,0.0007,64.0,2.5085004790674237,14312.183008366406,5705.473500123546
509,0.0007,65.0,4.430703392468102,7233.101595499529,1632.495104004325
510,0.0007,66.0,0.40643569393569695,1904.5574063405413,4685.999371506641
511,0.0007,67.0,1.4538181725681718,1136.6441970518522,781.8338073488026
512,0.0007,68.0,11.01873432953757,33794.23968616836,3066.9801699072837
513,0.0007,69.0,1.7476133786848043,3690.0460169301923,2111.4773221221267
514,0.0007,70.0,1.349603174603175,1021.2837511973348,756.7289188524796
515,0.0007,71.0,6.76428924112021,21149.795050362063,3126.6840160814177
516,0.0007,72.0,3.7819605064248014,13568.887265088879,3587.7918984183016
517,0.0007,73.0,5.451047693220587,19168.322405976793,3516.447384934137
518,0.0007,74.0,19.6362733905879,37546.107543910024,1912.0790792160547
519,0.0007,75.0,1.4269841269841308,1800.077041786543,1261.455546524493
520,0.0007,76.0,2.647147840759327,5288.464445623555,1997.7971627404736
521,0.0007,77.0,0.3831446886446879,2314.4371008015987,6040.634698574431
522,0.0007,78.0,0.9527777777777757,1498.6930408006754,1572.972287720829
523,0.0007,79.0,0.4076611206731741,1521.0398731099938,3731.137937800613
524,0.0007,80.0,0.41087135087135906,1662.1758428652122,4045.4897605786773
525,0.0007,81.0,1.2438966528640432,10746.97128670408,8639.762203684228
526,0.0007,82.0,0.8490853119581997,5930.633914588988,6984.732665921975
527,0.0007,83.0,11.80610883480641,38805.14255549092,3286.8697975311547
528,0.0007,84.0,1.3809523809523827,1033.0668820250698,748.0829145698772
529,0.0007,85.0,7.331272486772487,6342.23280739648,865.0930406473786
530,0.0007,86.0,2.6791795717582234,4781.541834229851,1784.7037520862937
531,0.0007,87.0,1.036798941798944,5235.248315325821,5049.434470141502
532,0.0007,88.0,0.9615211640211702,1737.727820215257,1807.2694447493168
533,0.0007,89.0,0.17054673721340297,817.460542966984,4793.176089578928
534,0.0007,90.0,1.616922284065143,1660.7228349976137,1027.0888411670292
535,0.0007,91.0,1.6788756613756626,8336.137976724698,4965.309920506029
536,0.0007,92.0,0.33304716117216204,485.76610441818724,1458.5505029033418
537,0.0007,93.0,13.211973169687434,22034.017623200874,1667.7310300443298
538,0.0007,94.0,1.0224668109668131,3874.3875070129125,3789.2550305367963
539,0.0007,95.0,1.0268849206349262,979.6280422645601,953.9803561034405
540,0.0007,96.0,0.193214285714286,903.4408464430464,4675.849112829069
541,0.0007,97.0,0.3814532162071191,972.3436751570302,2549.0509290373193
542,0.0007,98.0,1.3251899841125911,5972.445011652029,4506.859456571773
543,0.0007,99.0,0.9549603174603188,744.3332499457614,779.4389320022091
544,0.0007,100.0,0.34087301587301605,259.7846262796297,762.1155509018237
545,0.0007,101.0,3.075061050061056,6744.676463151148,2193.347173714561
546,0.0007,102.0,0.698706784083499,4440.438347940702,6355.224321694933
547,0.0007,103.0,2.476653796653797,4395.390412060449,1774.729442604798
548,0.0007,104.0,0.591991341991346,555.4479931434978,938.2704673941289
549,0.0007,105.0,1.76865889212828,2058.268607426014,1163.745375994598
550,0.0007,106.0,1.518174603174604,1899.248317221592,1251.007830884628
551,0.0007,107.0,0.9682539682539691,859.4125932700895,887.5900553445179
552,0.0007,108.0,0.9472559284758033,2177.8476166379774,2299.1121524488913
553,0.0007,109.0,5.486850986500515,19248.197357733814,3508.0590679591637
554,0.0007,110.0,0.23809523809524,153.01990205343242,642.6835886244111
555,0.0007,111.0,5.2419817508670885,18913.861686681128,3608.1509981511367
556,0.0007,112.0,0.5675548107892969,3090.224482391891,5444.803609530371
557,0.0007,113.0,0.9104206622407982,2107.758559327116,2315.147982405558
558,0.0007,114.0,2.3709150326797435,4636.685003461184,1955.6521172420669
559,0.0007,115.0,0.19619047619047802,1553.048386043603,7916.023326921203
560,0.0007,116.0,0.13521425664283002,1093.0921725128733,8084.148814279907
561,0.0007,117.0,0.9351817530388982,3308.2119217644763,3537.5069188575944
562,0.0007,118.0,1.8845238095238037,2603.36541819288,1381.4446944295805
563,0.0007,119.0,0.08333333333333401,154.8232041740551,1857.878450088646
564,0.0007,120.0,0.14460388321995502,706.6890347010983,4887.068168329637
565,0.0007,121.0,4.0674247849059935,7460.344251151116,1834.168951036556
566,0.0007,122.0,0.175744047619048,447.7814889032296,2547.918378856644
567,0.0007,123.0,0.488762838468722,2480.552316557682,5075.165543127566
568,0.0007,124.0,0.9131944444444433,8302.438739015335,9091.6439423438
569,0.0007,125.0,0.49689153439153805,1401.6565462442131,2820.8501236806
570,0.0007,126.0,0.019642857142856997,24.405479980038685,1242.4607989837968
571,0.0007,127.0,0.027380952380952,104.80072054567282,3827.5045764507126
572,0.0007,128.0,6.797619047619049,2576.690017633045,379.0577258864724
573,0.0007,129.0,4.601948051948051,2635.131555471158,572.6121906907837
574,0.0007,130.0,0.36904761904761996,146.14919648130157,396.01717756223553
575,0.0007,131.0,1.245238095238094,751.8609323429425,603.7888940421342
576,0.0007,132.0,0.86031746031746,701.4011002952724,815.2817217454276
577,0.0007,133.0,1.012301587301587,872.4107040764275,861.8090843875334
578,0.0007,134.0,0.8452380952380951,850.9190404457072,1006.7211182737946
579,0.0007,135.0,1.0204761904761899,544.1121091355814,533.1943206648257
580,0.0007,136.0,0.35748079877112293,345.2822615353928,965.8763847522333
581,0.0007,137.0,0.85625,1061.782320542047,1240.037746618449
582,0.0007,138.0,0.7167658730158721,6250.43073238254,8720.324122133714
583,0.0007,139.0,0.014186507936508,44.264001157946964,3120.147773930793
584,0.0007,140.0,0.026190476190476004,28.992670097680275,1106.9928582750729
585,0.0007,141.0,0.029894179894181,38.408266659589366,1284.807504187986
586,0.0007,142.0,0.016190476190477,61.9381308999714,3825.590437939218
587,0.0007,143.0,0.380714285714287,773.00723973009,2030.4130124242445
588,0.0007,144.0,0.012317489903698001,85.15234067296504,6913.124454634243
589,0.0007,145.0,0.353117913832198,1487.542232109438,4212.593510099631
590,0.0007,146.0,0.043778801843319004,179.00986176854119,4088.9621056602655
591,0.0007,147.0,0.05924603174603,217.1524037897853,3665.264953451273
592,0.0007,148.0,3.0506802721088517,9498.205742245109,3113.471388359967
593,0.0007,149.0,0.03248299319728,116.40614983621704,3583.6029373661427
594,0.0007,150.0,0.010119047619047,8.9250216491238,882.0021394428765
595,0.0007,151.0,0.032738095238094,50.20170671990718,1533.4339507172228
596,0.0007,152.0,0.015873015873016,65.42541809451137,4121.801339954183
597,0.0007,153.0,0.019166666666666,219.19364641601075,11436.190247792263
598,0.0007,154.0,0.023809523809524,57.798049639301055,2427.518084850625
599,0.0007,155.0,1.313822751322752,930.1446162207574,707.9681146366898
600,0.0007,156.0,0.10157509157509198,531.2946398521369,5230.560284155528
601,0.0007,157.0,0.008201058201057999,76.5470493001969,9333.801495314561
602,0.0007,158.0,0.547619047619048,1454.0390623631379,2655.201766054424
603,0.0007,159.0,0.076587301587301,134.02777777777675,1750.0
604,0.0007,160.0,0.008035714285713,50.315284264859464,6261.457597405735
605,0.0007,161.0,0.032724380074610995,143.21826815802586,4376.50057331845
606,0.0007,162.0,0.013408521303258,78.05118796681624,5821.013831543929
607,0.0007,163.0,1.464285714285713,302.20439045038603,206.3834861612394
608,0.0007,164.0,0.023809523809524,66.88707386110565,2809.257102166415
609,0.0007,165.0,0.004329004329004,4.377385764514785,1011.1761116029921
610,0.0007,166.0,0.008928571428571,16.48353647671828,1846.1560853925362
611,0.0007,167.0,0.005952380952381,85.0909877044901,14295.285934354224
612,0.0007,168.0,0.005158730158731,21.881062060987702,4241.55972259077
613,0.0007,169.0,0.01142857142857,28.472673323133805,2491.3589157745196
614,0.0007,170.0,0.906963435534865,3114.280666628327,3433.7444538673567
615,0.0007,178.0,0.011904761904762,104.7603642544431,8799.87059737315
616,0.0007,183.0,0.017083333333333,52.10265002080185,3049.911220729924
617,0.0007,191.0,0.14238095238095402,1177.6451620937485,8271.086422731918
618,0.0007,199.0,0.004761904761905,10.849848503609493,2278.46818575788
619,0.0007,203.0,0.016666666666667,207.67326273696764,12460.39576421781
620,0.0007,205.0,0.071428571428572,13.672954016684699,191.42135623358428
621,0.0007,206.0,0.27470238095238,235.58614700013413,857.6050421673385
622,0.0007,219.0,1.198966414129957,3442.4768776067936,2871.2037610368466
623,0.0007,220.0,0.023809523809524,166.17824543969112,6979.486308466971
624,0.0007,221.0,0.016529961266803003,58.47201031778941,3537.334986695844
625,0.0007,223.0,0.410191409897292,1956.0748080616008,4768.687887811651
626,0.0007,231.0,0.021428571428571998,76.01885502186637,3547.546567687003
627,0.0007,232.0,0.071428571428572,18.232624174970557,255.25673844958578
628,0.0007,248.0,0.00297619047619,22.616130185797655,7599.019742429228
629,0.0007,255.0,0.001984126984127,4.1281055659800545,2080.565205253931
630,0.0007,259.0,0.011904761904762,40.733098267588495,3421.5802544774065
631,0.0008,0.0,66.41437634862292,407105.10857866093,6129.7738676590325
632,0.0008,1.0,51.867468104251415,140236.4552466604,2703.7459195962883
633,0.0008,2.0,29.620590364800847,55833.45922766046,1884.9543017214557
634,0.0008,3.0,30.89345578255784,103350.73742162866,3345.3925695156295
635,0.0008,4.0,37.47534972529986,119087.14153708119,3177.745969284035
636,0.0008,5.0,18.19809041436989,246305.789043595,13534.705204514357
637,0.0008,6.0,23.05686314503663,106668.43904243034,4626.320517732373
638,0.0008,7.0,21.16414220661633,36171.8899400876,1709.1120248086197
639,0.0008,8.0,24.380527308718765,120414.59655830993,4938.966045875811
640,0.0008,9.0,40.283739062181574,107589.79814243398,2670.7996985175446
641,0.0008,10.0,16.318373144755135,33463.4671733062,2050.661967125175
642,0.0008,11.0,47.879485248152825,119915.95055192591,2504.5371714089642
643,0.0008,12.0,6.0065725730796515,25228.037258143253,4200.071996334591
644,0.0008,13.0,19.247460252523506,66358.88314918886,3447.669577106343
645,0.0008,14.0,40.909930774040625,123928.86987049502,3029.3101827767946
646,0.0008,15.0,5.887656868812542,39541.12170869907,6715.935148692516
647,0.0008,16.0,24.376748885462465,285360.44665717403,11706.25533363697
648,0.0008,17.0,7.044286990624709,22632.762457935856,3212.9245284949293
649,0.0008,18.0,5.328968253968252,8272.525222321436,1552.3690193052366
650,0.0008,19.0,11.31524710524794,108993.56784370882,9632.45140206954
651,0.0008,20.0,7.483497191465806,66158.79588195206,8840.625470856015
652,0.0008,21.0,5.6084435626102325,3113.2006835879456,555.0917378116625
653,0.0008,22.0,7.69844781632231,36070.2662687461,4685.394657384003
654,0.0008,23.0,8.383869344707588,25261.44523497384,3013.1010153349316
655,0.0008,24.0,4.775433673469372,22526.39179776617,4717.1405443059275
656,0.0008,25.0,20.248349425791826,38876.74377568231,1919.9956973363032
657,0.0008,26.0,11.945916611905854,39238.3333742542,3284.6649318770114
658,0.0008,27.0,3.689398871457144,12364.862641663041,3351.4572624074895
659,0.0008,28.0,6.350677058947743,15298.375921716288,2408.936209433252
660,0.0008,29.0,13.777404682618945,24883.411002954883,1806.1029327495082
661,0.0008,30.0,5.826270786092207,13850.88114851113,2377.3150368455813
662,0.0008,31.0,9.766145124716553,19747.50924959108,2022.0372518951503
663,0.0008,32.0,22.98326489686781,43275.14746449235,1882.8981721561217
664,0.0008,33.0,11.891271708166673,25828.240835819684,2172.033527589938
665,0.0008,34.0,12.653614180474108,41969.51272837224,3316.8004121016843
666,0.0008,35.0,16.280630636870168,33757.75660602623,2073.4919524294246
667,0.0008,36.0,18.015079608352902,57572.43516469267,3195.791326839241
668,0.0008,37.0,1.2666607880705656,7773.136196416581,6136.714951330395
669,0.0008,38.0,1.6266931216931229,7937.836620969063,4879.73823403585
670,0.0008,39.0,5.790228874615752,22062.80846335096,3810.3517047614255
671,0.0008,40.0,7.383061594202902,5230.19448333157,708.4045577295822
672,0.0008,41.0,5.451047693220587,19168.322405976793,3516.447384934137
673,0.0008,42.0,3.981430448802907,14184.844312448977,3562.7507487199537
674,0.0008,43.0,16.710583389752998,51004.870405404225,3052.249536463259
675,0.0008,44.0,3.802379285047348,7613.121369343405,2002.1993595645745
676,0.0008,45.0,1.4462089748180067,5792.386165126641,4005.2207294976606
677,0.0008,46.0,1.8199644799644887,2081.343315198216,1143.6175475462176
678,0.0008,47.0,3.397808012093733,5205.99467690023,1532.1626938222123
679,0.0008,48.0,1.0155555555555533,1721.327725072787,1694.9616548856802
680,0.0008,49.0,4.950436123678619,10687.683571525882,2158.9377793211424
681,0.0008,50.0,3.578909632034631,9423.390362865257,2633.0338934844813
682,0.0008,51.0,16.969115428614437,69307.79879840389,4084.3495401965697
683,0.0008,52.0,1.2438966528640432,10746.97128670408,8639.762203684228
684,0.0008,53.0,17.03140406364632,70163.33451375745,4119.644760441196
685,0.0008,54.0,5.053388641781493,15605.859282253989,3088.196928537123
686,0.0008,55.0,5.0353256003256055,11338.069029176764,2251.705237977778
687,0.0008,56.0,4.29384085213033,3832.1355400765774,892.4726537489893
688,0.0008,57.0,2.9644005847953205,2389.4154276788818,806.0366199947505
689,0.0008,58.0,1.2063492063492087,885.5379876596228,734.0643845073174
690,0.0008,59.0,2.8391723356009146,3366.822785165799,1185.8465732948212
691,0.0008,60.0,1.819846079846076,7024.053542303989,3859.696498562169
692,0.0008,61.0,3.018529740566003,10962.701238522033,3631.8016321636183
693,0.0008,62.0,5.141552474326495,17174.445442335364,3340.3228943190134
694,0.0008,63.0,5.022340275710896,18221.687994196993,3628.1269276637718
695,0.0008,64.0,0.6218395691609991,2589.893096504704,4164.889506788784
696,0.0008,65.0,2.5085004790674237,14312.183008366406,5705.473500123546
697,0.0008,66.0,3.3085396093921453,4743.815328310642,1433.8094411335126
698,0.0008,67.0,1.4538181725681718,1136.6441970518522,781.8338073488026
699,0.0008,68.0,7.5372982804232835,12756.667466150819,1692.4721553456186
700,0.0008,69.0,1.7476133786848043,3690.0460169301923,2111.4773221221267
701,0.0008,70.0,9.389239695878345,34630.401967478036,3688.3073698374074
702,0.0008,71.0,11.01873432953757,33794.23968616836,3066.9801699072837
703,0.0008,72.0,0.9527777777777757,1498.6930408006754,1572.972287720829
704,0.0008,73.0,0.3831446886446879,2314.4371008015987,6040.634698574431
705,0.0008,74.0,0.4076611206731741,1521.0398731099938,3731.137937800613
706,0.0008,75.0,2.3709150326797435,4636.685003461184,1955.6521172420669
707,0.0008,76.0,0.41087135087135906,1662.1758428652122,4045.4897605786773
708,0.0008,77.0,1.3809523809523827,1033.0668820250698,748.0829145698772
709,0.0008,78.0,7.331272486772487,6342.23280739648,865.0930406473786
710,0.0008,79.0,9.4200900360144,32578.837957823405,3458.4423114078186
711,0.0008,80.0,0.9104206622407982,2107.758559327116,2315.147982405558
712,0.0008,81.0,3.1604119425548083,10751.374081083242,3401.89009423628
713,0.0008,82.0,2.5986240162026704,4672.44698820199,1798.046565824388
714,0.0008,83.0,2.5121485260770946,8666.414926678026,3449.801967008405
715,0.0008,84.0,0.9615211640211702,1737.727820215257,1807.2694447493168
716,0.0008,85.0,0.9396825396825429,1256.6145876402086,1337.2756591441364
717,0.0008,86.0,0.17054673721340297,817.460542966984,4793.176089578928
718,0.0008,87.0,0.7017259890706069,4325.579717665035,6164.200535587973
719,0.0008,88.0,5.220207469961159,7230.092126870886,1385.0200721858823
720,0.0008,89.0,0.3500864875864899,1571.4914125688158,4488.866232463697
721,0.0008,90.0,7.505393518518521,12358.787658882877,1646.6541865378913
722,0.0008,91.0,13.211973169687434,22034.017623200874,1667.7310300443298
723,0.0008,92.0,0.3240531789638941,478.17512026779144,1475.6069414183085
724,0.0008,93.0,1.0268849206349262,979.6280422645601,953.9803561034405
725,0.0008,94.0,0.9682539682539691,859.4125932700895,887.5900553445179
726,0.0008,95.0,2.476653796653797,4395.390412060449,1774.729442604798
727,0.0008,96.0,0.34087301587301605,259.7846262796297,762.1155509018237
728,0.0008,97.0,3.075061050061056,6744.676463151148,2193.347173714561
729,0.0008,98.0,1.3251899841125911,5972.445011652029,4506.859456571773
730,0.0008,99.0,0.698706784083499,4440.438347940702,6355.224321694933
731,0.0008,100.0,1.518174603174604,1899.248317221592,1251.007830884628
732,0.0008,101.0,0.193214285714286,903.4408464430464,4675.849112829069
733,0.0008,102.0,0.9549603174603188,744.3332499457614,779.4389320022091
734,0.0008,103.0,1.76865889212828,2058.268607426014,1163.745375994598
735,0.0008,104.0,0.3814532162071191,972.3436751570302,2549.0509290373193
736,0.0008,105.0,0.906963435534865,3114.280666628327,3433.7444538673567
737,0.0008,106.0,1.4342261904761868,1972.261161229869,1375.1395521337158
738,0.0008,107.0,1.9563492063492067,2128.616501620114,1088.0554937287395
739,0.0008,108.0,0.23809523809524,153.01990205343242,642.6835886244111
740,0.0008,109.0,2.654512181844598,5447.271655540073,2052.08011204334
741,0.0008,110.0,0.14460388321995502,706.6890347010983,4887.068168329637
742,0.0008,111.0,0.19619047619047802,1553.048386043603,7916.023326921203
743,0.0008,112.0,0.49689153439153805,1401.6565462442131,2820.8501236806
744,0.0008,113.0,1.349603174603175,1021.2837511973348,756.7289188524796
745,0.0008,114.0,0.08333333333333401,154.8232041740551,1857.878450088646
746,0.0008,115.0,3.1604119425548083,10751.374081083242,3401.89009423628
747,0.0008,116.0,0.38095238095238193,269.7704332835801,708.1473873693959
748,0.0008,117.0,0.06891156462585,76.67011150348554,1112.5870079972783
749,0.0008,118.0,0.13521425664283002,1093.0921725128733,8084.148814279907
750,0.0008,119.0,4.0674247849059935,7460.344251151116,1834.168951036556
751,0.0008,120.0,0.6807287157287188,3103.9149886546447,4559.694511097434
752,0.0008,121.0,0.175744047619048,447.7814889032296,2547.918378856644
753,0.0008,122.0,0.488762838468722,2480.552316557682,5075.165543127566
754,0.0008,123.0,1.007670068027208,5224.57284585107,5184.805038497981
755,0.0008,124.0,0.591991341991346,555.4479931434978,938.2704673941289
756,0.0008,125.0,0.028828197945844996,21.430114540328407,743.3733659171411
757,0.0008,126.0,0.85625,1061.782320542047,1240.037746618449
758,0.0008,127.0,0.019642857142856997,24.405479980038685,1242.4607989837968
759,0.0008,128.0,1.245238095238094,751.8609323429425,603.7888940421342
760,0.0008,129.0,1.012301587301587,872.4107040764275,861.8090843875334
761,0.0008,130.0,0.35748079877112293,345.2822615353928,965.8763847522333
762,0.0008,131.0,4.601948051948051,2635.131555471158,572.6121906907837
763,0.0008,132.0,0.86031746031746,701.4011002952724,815.2817217454276
764,0.0008,133.0,0.8452380952380951,850.9190404457072,1006.7211182737946
765,0.0008,134.0,1.0204761904761899,544.1121091355814,533.1943206648257
766,0.0008,135.0,0.027380952380952,104.80072054567282,3827.5045764507126
767,0.0008,136.0,6.797619047619049,2576.690017633045,379.0577258864724
768,0.0008,137.0,0.05924603174603,217.1524037897853,3665.264953451273
769,0.0008,138.0,0.410714285714286,265.1832980934521,645.6636823144917
770,0.0008,139.0,1.616922284065143,1660.7228349976137,1027.0888411670292
771,0.0008,140.0,1.349603174603175,1021.2837511973348,756.7289188524796
772,0.0008,141.0,16.737763289577813,26413.298844049135,1578.0662199050237
773,0.0008,142.0,0.026190476190476004,28.992670097680275,1106.9928582750729
774,0.0008,143.0,0.029894179894181,38.408266659589366,1284.807504187986
775,0.0008,144.0,0.014186507936508,44.264001157946964,3120.147773930793
776,0.0008,145.0,0.8142857142857141,7542.684062941741,9262.945340454773
777,0.0008,146.0,0.380714285714287,773.00723973009,2030.4130124242445
778,0.0008,147.0,0.043778801843319004,179.00986176854119,4088.9621056602655
779,0.0008,148.0,0.03248299319728,116.40614983621704,3583.6029373661427
780,0.0008,149.0,0.010119047619047,8.9250216491238,882.0021394428765
781,0.0008,150.0,0.032738095238094,50.20170671990718,1533.4339507172228
782,0.0008,151.0,0.015873015873016,65.42541809451137,4121.801339954183
783,0.0008,152.0,0.016190476190477,61.9381308999714,3825.590437939218
784,0.0008,153.0,0.023809523809524,57.798049639301055,2427.518084850625
785,0.0008,154.0,1.313822751322752,930.1446162207574,707.9681146366898
786,0.0008,155.0,0.353117913832198,1487.542232109438,4212.593510099631
787,0.0008,156.0,0.10157509157509198,531.2946398521369,5230.560284155528
788,0.0008,157.0,0.108134920634921,69.61520451214727,643.7809738371029
789,0.0008,158.0,1.264764996907855,1083.6490931074325,856.7987695396208
790,0.0008,159.0,0.076587301587301,134.02777777777675,1750.0
791,0.0008,160.0,0.071428571428572,13.672954016684699,191.42135623358428
792,0.0008,161.0,0.547619047619048,1454.0390623631379,2655.201766054424
793,0.0008,162.0,0.008035714285713,50.315284264859464,6261.457597405735
794,0.0008,163.0,0.01984126984127,340.12805417323773,17142.453930331045
795,0.0008,164.0,0.008201058201057999,76.5470493001969,9333.801495314561
796,0.0008,165.0,0.013408521303258,78.05118796681624,5821.013831543929
797,0.0008,166.0,1.464285714285713,302.20439045038603,206.3834861612394
798,0.0008,167.0,3.100615302300697,3680.0729313087363,1186.884722067286
799,0.0008,168.0,0.023809523809524,66.88707386110565,2809.257102166415
800,0.0008,169.0,0.008928571428571,16.48353647671828,1846.1560853925362
801,0.0008,170.0,0.011904761904762,104.7603642544431,8799.87059737315
802,0.0008,171.0,0.005952380952381,85.0909877044901,14295.285934354224
803,0.0008,172.0,0.001904761904762,26.433705973866946,13877.695636279454
804,0.0008,173.0,0.01142857142857,28.472673323133805,2491.3589157745196
805,0.0008,174.0,0.313336913712856,1165.5614049463643,3719.8343187055593
806,0.0008,175.0,0.021428571428571998,160.0317200396869,7468.14693518519
807,0.0008,177.0,0.005158730158731,21.881062060987702,4241.55972259077
808,0.0008,199.0,0.14238095238095402,1177.6451620937485,8271.086422731918
809,0.0008,200.0,0.090231990231992,431.71362053693167,4784.485185652776
810,0.0008,209.0,0.004761904761905,10.849848503609493,2278.46818575788
811,0.0008,210.0,0.035714285714286,79.31296258969215,2220.7629525113625
812,0.0008,216.0,0.015873015873015997,285.8812852538669,18010.520970993475
813,0.0008,217.0,0.18148148148148102,312.41604530084453,1721.4761679842497
814,0.0008,229.0,0.023809523809524,166.17824543969112,6979.486308466971
815,0.0008,231.0,0.410191409897292,1956.0748080616008,4768.687887811651
816,0.0008,237.0,0.021428571428571998,76.01885502186637,3547.546567687003
817,0.0008,251.0,0.00952380952381,52.43548305819015,5505.72572110969
818,0.0008,260.0,0.00297619047619,22.616130185797655,7599.019742429228
819,0.0008,265.0,0.001984126984127,4.1281055659800545,2080.565205253931
820,0.0008,270.0,0.011904761904762,40.733098267588495,3421.5802544774065
821,0.0009,0.0,53.48037424575933,146836.36958275767,2745.6122297872835
822,0.0009,1.0,66.41437634862292,407105.10857866093,6129.7738676590325
823,0.0009,2.0,29.620590364800847,55833.45922766046,1884.9543017214557
824,0.0009,3.0,30.89345578255784,103350.73742162866,3345.3925695156295
825,0.0009,4.0,17.774342656550186,252400.59860495996,14200.277528235089
826,0.0009,5.0,22.937772357851433,106074.77830263524,4624.45858506947
827,0.0009,6.0,21.16414220661633,36171.8899400876,1709.1120248086197
828,0.0009,7.0,24.380527308718765,120414.59655830993,4938.966045875811
829,0.0009,8.0,14.914317231696984,93492.54533276227,6268.6440069857945
830,0.0009,9.0,16.280630636870168,33757.75660602623,2073.4919524294246
831,0.0009,10.0,35.883426450213,94840.92031908304,2643.0285427360595
832,0.0009,11.0,6.0065725730796515,25228.037258143253,4200.071996334591
833,0.0009,12.0,10.632325471892258,100287.55776006627,9432.325790363326
834,0.0009,13.0,19.247460252523506,66358.88314918886,3447.669577106343
835,0.0009,14.0,17.228947428071116,70595.78621863922,4097.510106950442
836,0.0009,15.0,7.044286990624709,22632.762457935856,3212.9245284949293
837,0.0009,16.0,7.651075869971307,35570.9083992283,4649.138108646372
838,0.0009,17.0,7.805191197691207,15728.060793579198,2015.0769398489037
839,0.0009,18.0,8.383869344707588,25261.44523497384,3013.1010153349316
840,0.0009,19.0,5.6084435626102325,3113.2006835879456,555.0917378116625
841,0.0009,20.0,11.013842883307175,37695.21681313988,3422.530828932705
842,0.0009,21.0,27.168594814159263,78344.56849851224,2883.6444812258733
843,0.0009,22.0,23.14983813524248,61206.21441565796,2643.91543725223
844,0.0009,23.0,30.30400628375765,67591.16651202845,2230.436658411597
845,0.0009,24.0,11.945916611905854,39238.3333742542,3284.6649318770114
846,0.0009,25.0,13.777404682618945,24883.411002954883,1806.1029327495082
847,0.0009,26.0,5.826270786092207,13850.88114851113,2377.3150368455813
848,0.0009,27.0,9.766145124716553,19747.50924959108,2022.0372518951503
849,0.0009,28.0,19.511926523297486,37546.107543910024,1924.2645004366686
850,0.0009,29.0,5.633827990792277,23592.08305641547,4187.57603089294
851,0.0009,30.0,9.532663732159525,35113.30553649031,3683.472586789313
852,0.0009,31.0,11.891271708166673,25828.240835819684,2172.033527589938
853,0.0009,32.0,4.188434518162729,43818.243165969245,10461.723342207166
854,0.0009,33.0,13.974883950641589,197428.63055978282,14127.389626782471
855,0.0009,34.0,26.75288748832866,52234.314478096465,1952.4738965423621
856,0.0009,35.0,5.053388641781493,15605.859282253989,3088.196928537123
857,0.0009,36.0,18.015079608352902,57572.43516469267,3195.791326839241
858,0.0009,37.0,5.497184768709161,20073.200650172694,3651.541924592476
859,0.0009,38.0,12.558158664688825,41551.039778195336,3308.688868140281
860,0.0009,39.0,5.790228874615752,22062.80846335096,3810.3517047614255
861,0.0009,40.0,1.6266931216931229,7937.836620969063,4879.73823403585
862,0.0009,41.0,7.383061594202902,5230.19448333157,708.4045577295822
863,0.0009,42.0,5.451047693220587,19168.322405976793,3516.447384934137
864,0.0009,43.0,16.058496398559463,32812.31368914339,2043.2992526054206
865,0.0009,44.0,16.710583389752998,51004.870405404225,3052.249536463259
866,0.0009,45.0,1.2666607880705656,7773.136196416581,6136.714951330395
867,0.0009,46.0,1.8199644799644887,2081.343315198216,1143.6175475462176
868,0.0009,47.0,1.4462089748180067,5792.386165126641,4005.2207294976606
869,0.0009,48.0,1.0155555555555533,1721.327725072787,1694.9616548856802
870,0.0009,49.0,3.397808012093733,5205.99467690023,1532.1626938222123
871,0.0009,50.0,3.7185490863011825,7130.290124063736,1917.4925377027066
872,0.0009,51.0,3.1604119425548083,10751.374081083242,3401.89009423628
873,0.0009,52.0,7.784554632582907,25106.79924575427,3225.206891177519
874,0.0009,53.0,7.505393518518521,12358.787658882877,1646.6541865378913
875,0.0009,54.0,5.0353256003256055,11338.069029176764,2251.705237977778
876,0.0009,55.0,1.2063492063492087,885.5379876596228,734.0643845073174
877,0.0009,56.0,2.9644005847953205,2389.4154276788818,806.0366199947505
878,0.0009,57.0,4.29384085213033,3832.1355400765774,892.4726537489893
879,0.0009,58.0,2.8391723356009146,3366.822785165799,1185.8465732948212
880,0.0009,59.0,1.819846079846076,7024.053542303989,3859.696498562169
881,0.0009,60.0,5.008240266069231,10930.398094836713,2182.4827712220663
882,0.0009,61.0,3.689398871457144,12364.862641663041,3351.4572624074895
883,0.0009,62.0,3.3085396093921453,4743.815328310642,1433.8094411335126
884,0.0009,63.0,7.5372982804232835,12756.667466150819,1692.4721553456186
885,0.0009,64.0,1.0844246031746014,9648.079979666507,8896.957844208082
886,0.0009,65.0,0.6218395691609991,2589.893096504704,4164.889506788784
887,0.0009,66.0,6.76428924112021,21149.795050362063,3126.6840160814177
888,0.0009,67.0,0.9527777777777757,1498.6930408006754,1572.972287720829
889,0.0009,68.0,1.7050255102040803,3506.993599955937,2056.856967222838
890,0.0009,69.0,2.3709150326797435,4636.685003461184,1955.6521172420669
891,0.0009,70.0,0.4076611206731741,1521.0398731099938,3731.137937800613
892,0.0009,71.0,1.313822751322752,930.1446162207574,707.9681146366898
893,0.0009,72.0,0.41087135087135906,1662.1758428652122,4045.4897605786773
894,0.0009,73.0,3.689398871457144,12364.862641663041,3351.4572624074895
895,0.0009,74.0,1.3809523809523827,1033.0668820250698,748.0829145698772
896,0.0009,75.0,7.331272486772487,6342.23280739648,865.0930406473786
897,0.0009,76.0,4.130856180856188,7909.283191679562,1914.683747242014
898,0.0009,77.0,10.89478024762646,32893.117425213495,3019.163000775495
899,0.0009,78.0,2.5085004790674237,14312.183008366406,5705.473500123546
900,0.0009,79.0,0.9104206622407982,2107.758559327116,2315.147982405558
901,0.0009,80.0,0.9396825396825429,1256.6145876402086,1337.2756591441364
902,0.0009,81.0,0.5675548107892969,3090.224482391891,5444.803609530371
903,0.0009,82.0,2.5986240162026704,4672.44698820199,1798.046565824388
904,0.0009,83.0,3.018529740566003,10962.701238522033,3631.8016321636183
905,0.0009,84.0,0.702922077922083,1729.8356679843355,2460.920950296404
906,0.0009,85.0,0.9615211640211702,1737.727820215257,1807.2694447493168
907,0.0009,86.0,5.8305202872872135,13429.223172386633,2303.2632613709497
908,0.0009,87.0,0.3500864875864899,1571.4914125688158,4488.866232463697
909,0.0009,88.0,13.211973169687434,22034.017623200874,1667.7310300443298
910,0.0009,89.0,0.7154761904761888,1355.4699219366628,1894.5003900612303
911,0.0009,90.0,1.4342261904761868,1972.261161229869,1375.1395521337158
912,0.0009,91.0,1.0268849206349262,979.6280422645601,953.9803561034405
913,0.0009,92.0,0.3240531789638941,478.17512026779144,1475.6069414183085
914,0.0009,93.0,3.075061050061056,6744.676463151148,2193.347173714561
915,0.0009,94.0,0.34087301587301605,259.7846262796297,762.1155509018237
916,0.0009,95.0,1.3251899841125911,5972.445011652029,4506.859456571773
917,0.0009,96.0,2.476653796653797,4395.390412060449,1774.729442604798
918,0.0009,97.0,0.3814532162071191,972.3436751570302,2549.0509290373193
919,0.0009,98.0,0.698706784083499,4440.438347940702,6355.224321694933
920,0.0009,99.0,1.518174603174604,1899.248317221592,1251.007830884628
921,0.0009,100.0,0.132716049382717,616.9623413311266,4648.739502122874
922,0.0009,101.0,0.906963435534865,3114.280666628327,3433.7444538673567
923,0.0009,102.0,0.9682539682539691,859.4125932700895,887.5900553445179
924,0.0009,103.0,0.193214285714286,903.4408464430464,4675.849112829069
925,0.0009,104.0,1.76865889212828,2058.268607426014,1163.745375994598
926,0.0009,105.0,0.9549603174603188,744.3332499457614,779.4389320022091
927,0.0009,106.0,1.9563492063492067,2128.616501620114,1088.0554937287395
928,0.0009,107.0,0.591991341991346,555.4479931434978,938.2704673941289
929,0.0009,108.0,0.23809523809524,153.01990205343242,642.6835886244111
930,0.0009,109.0,2.654512181844598,5447.271655540073,2052.08011204334
931,0.0009,110.0,6.231977149834299,15120.924568727378,2426.3446744392227
932,0.0009,111.0,0.19619047619047802,1553.048386043603,7916.023326921203
933,0.0009,112.0,1.349603174603175,1021.2837511973348,756.7289188524796
934,0.0009,113.0,0.08333333333333401,154.8232041740551,1857.878450088646
935,0.0009,114.0,2.4357936507936473,8049.017173116331,3304.4741579376987
936,0.0009,115.0,0.14460388321995502,706.6890347010983,4887.068168329637
937,0.0009,116.0,0.353117913832198,1487.542232109438,4212.593510099631
938,0.0009,117.0,0.38095238095238193,269.7704332835801,708.1473873693959
939,0.0009,118.0,0.13521425664283002,1093.0921725128733,8084.148814279907
940,0.0009,119.0,0.06891156462585,76.67011150348554,1112.5870079972783
941,0.0009,120.0,0.49689153439153805,1401.6565462442131,2820.8501236806
942,0.0009,121.0,0.7167658730158721,6250.43073238254,8720.324122133714
943,0.0009,122.0,0.6807287157287188,3103.9149886546447,4559.694511097434
944,0.0009,123.0,0.175744047619048,447.7814889032296,2547.918378856644
945,0.0009,124.0,0.488762838468722,2480.552316557682,5075.165543127566
946,0.0009,125.0,0.090231990231992,431.71362053693167,4784.485185652776
947,0.0009,126.0,0.41795634920634805,1149.1016124302962,2749.3340264176163
948,0.0009,127.0,6.797619047619049,2576.690017633045,379.0577258864724
949,0.0009,128.0,0.043778801843319004,179.00986176854119,4088.9621056602655
950,0.0009,129.0,1.012301587301587,872.4107040764275,861.8090843875334
951,0.0009,130.0,4.601948051948051,2635.131555471158,572.6121906907837
952,0.0009,131.0,0.019642857142856997,24.405479980038685,1242.4607989837968
953,0.0009,132.0,1.245238095238094,751.8609323429425,603.7888940421342
954,0.0009,133.0,0.3831446886446879,2314.4371008015987,6040.634698574431
955,0.0009,134.0,0.3831446886446879,2314.4371008015987,6040.634698574431
956,0.0009,135.0,0.86031746031746,701.4011002952724,815.2817217454276
957,0.0009,136.0,0.35748079877112293,345.2822615353928,965.8763847522333
958,0.0009,137.0,0.8452380952380951,850.9190404457072,1006.7211182737946
959,0.0009,138.0,1.0204761904761899,544.1121091355814,533.1943206648257
960,0.0009,139.0,0.85625,1061.782320542047,1240.037746618449
961,0.0009,140.0,0.027380952380952,104.80072054567282,3827.5045764507126
962,0.0009,141.0,0.028828197945844996,21.430114540328407,743.3733659171411
963,0.0009,142.0,0.40824377716803495,3535.156881421319,8659.426252482062
964,0.0009,143.0,0.410714285714286,265.1832980934521,645.6636823144917
965,0.0009,144.0,0.05924603174603,217.1524037897853,3665.264953451273
966,0.0009,145.0,0.4177426739926711,909.3716742046614,2176.870429619109
967,0.0009,146.0,1.616922284065143,1660.7228349976137,1027.0888411670292
968,0.0009,147.0,1.349603174603175,1021.2837511973348,756.7289188524796
969,0.0009,148.0,0.055173992673992006,46.08723915670399,835.3073055455828
970,0.0009,149.0,16.737763289577813,26413.298844049135,1578.0662199050237
971,0.0009,150.0,0.026190476190476004,28.992670097680275,1106.9928582750729
972,0.0009,151.0,0.029894179894181,38.408266659589366,1284.807504187986
973,0.0009,152.0,0.014186507936508,44.264001157946964,3120.147773930793
974,0.0009,153.0,0.380714285714287,773.00723973009,2030.4130124242445
975,0.0009,154.0,0.03344671201814,448.5079467223414,13409.627424037697
976,0.0009,155.0,0.03248299319728,116.40614983621704,3583.6029373661427
977,0.0009,156.0,0.010119047619047,8.9250216491238,882.0021394428765
978,0.0009,157.0,0.032738095238094,50.20170671990718,1533.4339507172228
979,0.0009,158.0,0.015873015873016,65.42541809451137,4121.801339954183
980,0.0009,159.0,0.023809523809524,57.798049639301055,2427.518084850625
981,0.0009,160.0,0.016190476190477,61.9381308999714,3825.590437939218
982,0.0009,161.0,0.10157509157509198,531.2946398521369,5230.560284155528
983,0.0009,162.0,1.264764996907855,1083.6490931074325,856.7987695396208
984,0.0009,163.0,0.076587301587301,134.02777777777675,1750.0
985,0.0009,164.0,0.547619047619048,1454.0390623631379,2655.201766054424
986,0.0009,165.0,0.021428571428571998,160.0317200396869,7468.14693518519
987,0.0009,166.0,0.071428571428572,13.672954016684699,191.42135623358428
988,0.0009,167.0,0.010389610389610001,1016.9091116199647,97877.50199342526
989,0.0009,168.0,0.071428571428572,18.232624174970557,255.25673844958578
990,0.0009,169.0,0.013408521303258,78.05118796681624,5821.013831543929
991,0.0009,170.0,0.008201058201057999,76.5470493001969,9333.801495314561
992,0.0009,171.0,1.464285714285713,302.20439045038603,206.3834861612394
993,0.0009,172.0,2.3800789609151987,13205.463984078064,5548.330202877068
994,0.0009,173.0,3.100615302300697,3680.0729313087363,1186.884722067286
995,0.0009,174.0,0.023809523809524,66.88707386110565,2809.257102166415
996,0.0009,175.0,0.008928571428571,16.48353647671828,1846.1560853925362
997,0.0009,176.0,0.005952380952381,85.0909877044901,14295.285934354224
998,0.0009,177.0,0.007142857142857,210.81461546541775,29514.046165159074
999,0.0009,178.0,0.001904761904762,26.433705973866946,13877.695636279454
1000,0.0009,179.0,0.01142857142857,28.472673323133805,2491.3589157745196
1001,0.0009,180.0,0.25599773242630497,3037.0144404705816,11863.4427410206
1002,0.0009,186.0,0.005158730158731,21.881062060987702,4241.55972259077
1003,0.0009,192.0,0.011904761904762,104.7603642544431,8799.87059737315
1004,0.0009,204.0,0.14238095238095402,1177.6451620937485,8271.086422731918
1005,0.0009,205.0,1.371977513227513,2401.480905741793,1750.3792027118734
1006,0.0009,214.0,0.004761904761905,10.849848503609493,2278.46818575788
1007,0.0009,218.0,0.035714285714286,79.31296258969215,2220.7629525113625
1008,0.0009,221.0,0.15504169862906,946.8008006292765,6106.749403555711
1009,0.0009,222.0,0.015873015873015997,285.8812852538669,18010.520970993475
1010,0.0009,223.0,0.44960317460317706,1192.9988628671742,2653.4484858122355
1011,0.0009,224.0,0.27470238095238,235.58614700013413,857.6050421673385
1012,0.0009,237.0,0.108134920634921,69.61520451214727,643.7809738371029
1013,0.0009,238.0,0.023809523809524,166.17824543969112,6979.486308466971
1014,0.0009,242.0,0.250119047619047,803.7774763513592,3213.579629391448
1015,0.0009,243.0,0.410191409897292,1956.0748080616008,4768.687887811651
1016,0.0009,250.0,0.021428571428571998,76.01885502186637,3547.546567687003
1017,0.0009,263.0,0.00952380952381,52.43548305819015,5505.72572110969
1018,0.0009,270.0,0.00297619047619,22.616130185797655,7599.019742429228
1019,0.0009,275.0,0.001984126984127,4.1281055659800545,2080.565205253931
1020,0.0009,280.0,0.011904761904762,40.733098267588495,3421.5802544774065
1021,0.001,0.0,29.620590364800847,55833.45922766046,1884.9543017214557
1022,0.001,1.0,47.85367366532234,304670.3322454466,6366.70727468577
1023,0.001,2.0,58.65262342791036,161543.30201333505,2754.238302944575
1024,0.001,3.0,29.569233193277274,56364.84397253966,1906.19904155494
1025,0.001,4.0,32.05261954207775,95135.46713686388,2968.1027165961523
1026,0.001,5.0,18.895559341448852,80055.93174332898,4236.759034050936
1027,0.001,6.0,24.380527308718765,120414.59655830993,4938.966045875811
1028,0.001,7.0,14.914317231696984,93492.54533276227,6268.6440069857945
1029,0.001,8.0,51.867468104251415,140236.4552466604,2703.7459195962883
1030,0.001,9.0,17.774342656550186,252400.59860495996,14200.277528235089
1031,0.001,10.0,16.541552679233092,34416.76859062265,2080.6250330920143
1032,0.001,11.0,27.026468368050462,90283.57325268508,3340.5612610271514
1033,0.001,12.0,19.247460252523506,66358.88314918886,3447.669577106343
1034,0.001,13.0,24.491478303722555,123947.57216992932,5060.844863378053
1035,0.001,14.0,21.16414220661633,36171.8899400876,1709.1120248086197
1036,0.001,15.0,7.044286990624709,22632.762457935856,3212.9245284949293
1037,0.001,16.0,6.0065725730796515,25228.037258143253,4200.071996334591
1038,0.001,17.0,6.3827380952381,10845.043566399996,1699.120879562807
1039,0.001,18.0,22.937772357851433,106074.77830263524,4624.45858506947
1040,0.001,19.0,5.6084435626102325,3113.2006835879456,555.0917378116625
1041,0.001,20.0,23.10395800172026,106874.60778883914,4625.813801292468
1042,0.001,21.0,7.291078874385283,60750.36487344999,8332.15027845545
1043,0.001,22.0,12.283041029301375,43460.184425011284,3538.2267568215702
1044,0.001,23.0,7.505393518518521,12358.787658882877,1646.6541865378913
1045,0.001,24.0,4.950436123678619,10687.683571525882,2158.9377793211424
1046,0.001,25.0,7.046992864726871,29088.59371950375,4127.802351710083
1047,0.001,26.0,5.178166790220356,16563.602936569125,3198.738782970771
1048,0.001,27.0,3.689398871457144,12364.862641663041,3351.4572624074895
1049,0.001,28.0,7.71866571410778,24583.406363516613,3184.9295297999925
1050,0.001,29.0,13.777404682618945,24883.411002954883,1806.1029327495082
1051,0.001,30.0,18.015079608352902,57572.43516469267,3195.791326839241
1052,0.001,31.0,5.7331089380196465,12759.998445282985,2225.668233977531
1053,0.001,32.0,9.766145124716553,19747.50924959108,2022.0372518951503
1054,0.001,33.0,19.511926523297486,37546.107543910024,1924.2645004366686
1055,0.001,34.0,9.532663732159525,35113.30553649031,3683.472586789313
1056,0.001,35.0,11.891271708166673,25828.240835819684,2172.033527589938
1057,0.001,36.0,13.974883950641589,197428.63055978282,14127.389626782471
1058,0.001,37.0,10.736253863072198,100612.77463672007,9371.31106621668
1059,0.001,38.0,12.558158664688825,41551.039778195336,3308.688868140281
1060,0.001,39.0,8.021682836771086,23738.71948206177,2959.319131048711
1061,0.001,40.0,5.790228874615752,22062.80846335096,3810.3517047614255
1062,0.001,41.0,1.6266931216931229,7937.836620969063,4879.73823403585
1063,0.001,42.0,1.167580727881484,7106.334520688975,6086.375315206734
1064,0.001,43.0,1.4462089748180067,5792.386165126641,4005.2207294976606
1065,0.001,44.0,1.8199644799644887,2081.343315198216,1143.6175475462176
1066,0.001,45.0,3.397808012093733,5205.99467690023,1532.1626938222123
1067,0.001,46.0,7.351811594202902,5078.698928975223,690.8091786492341
1068,0.001,47.0,15.78949997947901,31329.81908581353,1984.2185709827204
1069,0.001,48.0,3.7185490863011825,7130.290124063736,1917.4925377027066
1070,0.001,49.0,6.231977149834299,15120.924568727378,2426.3446744392227
1071,0.001,50.0,5.497184768709161,20073.200650172694,3651.541924592476
1072,0.001,51.0,5.0353256003256055,11338.069029176764,2251.705237977778
1073,0.001,52.0,1.0155555555555533,1721.327725072787,1694.9616548856802
1074,0.001,53.0,1.2063492063492087,885.5379876596228,734.0643845073174
1075,0.001,54.0,2.9644005847953205,2389.4154276788818,806.0366199947505
1076,0.001,55.0,4.29384085213033,3832.1355400765774,892.4726537489893
1077,0.001,56.0,2.8391723356009146,3366.822785165799,1185.8465732948212
1078,0.001,57.0,4.188434518162729,43818.243165969245,10461.723342207166
1079,0.001,58.0,7.312163865546223,15818.925323045454,2163.3712829634146
1080,0.001,59.0,2.4931383072709545,10534.240479063032,4225.29325723371
1081,0.001,60.0,2.5085004790674237,14312.183008366406,5705.473500123546
1082,0.001,61.0,3.1604119425548083,10751.374081083242,3401.89009423628
1083,0.001,62.0,0.9104206622407982,2107.758559327116,2315.147982405558
1084,0.001,63.0,0.6218395691609991,2589.893096504704,4164.889506788784
1085,0.001,64.0,4.631074263038536,22034.199092191717,4757.902344181944
1086,0.001,65.0,1.8616510341510306,7145.987404836695,3838.5214380929783
1087,0.001,66.0,11.010607068763331,35557.17702118952,3229.3566375703176
1088,0.001,67.0,5.302037902388365,18136.624801751976,3420.6893906929863
1089,0.001,68.0,0.9527777777777757,1498.6930408006754,1572.972287720829
1090,0.001,69.0,2.3709150326797435,4636.685003461184,1955.6521172420669
1091,0.001,70.0,1.313822751322752,930.1446162207574,707.9681146366898
1092,0.001,71.0,1.7050255102040803,3506.993599955937,2056.856967222838
1093,0.001,72.0,0.4076611206731741,1521.0398731099938,3731.137937800613
1094,0.001,73.0,3.1425285275400503,4591.229216120042,1460.9984208207093
1095,0.001,74.0,1.3809523809523827,1033.0668820250698,748.0829145698772
1096,0.001,75.0,7.331272486772487,6342.23280739648,865.0930406473786
1097,0.001,76.0,2.647147840759327,5288.464445623555,1997.7971627404736
1098,0.001,77.0,0.9396825396825429,1256.6145876402086,1337.2756591441364
1099,0.001,78.0,0.5675548107892969,3090.224482391891,5444.803609530371
1100,0.001,79.0,5.220207469961159,7230.092126870886,1385.0200721858823
1101,0.001,80.0,0.702922077922083,1729.8356679843355,2460.920950296404
1102,0.001,81.0,0.5832508614571551,3830.0950434871525,6566.805634745739
1103,0.001,82.0,0.17054673721340297,817.460542966984,4793.176089578928
1104,0.001,83.0,0.9615211640211702,1737.727820215257,1807.2694447493168
1105,0.001,84.0,5.8305202872872135,13429.223172386633,2303.2632613709497
1106,0.001,85.0,0.3500864875864899,1571.4914125688158,4488.866232463697
1107,0.001,86.0,5.486850986500515,19248.197357733814,3508.0590679591637
1108,0.001,87.0,13.211973169687434,22034.017623200874,1667.7310300443298
1109,0.001,88.0,1.371977513227513,2401.480905741793,1750.3792027118734
1110,0.001,89.0,1.0268849206349262,979.6280422645601,953.9803561034405
1111,0.001,90.0,0.9682539682539691,859.4125932700895,887.5900553445179
1112,0.001,91.0,1.4342261904761868,1972.261161229869,1375.1395521337158
1113,0.001,92.0,1.3251899841125911,5972.445011652029,4506.859456571773
1114,0.001,93.0,0.193214285714286,903.4408464430464,4675.849112829069
1115,0.001,94.0,1.76865889212828,2058.268607426014,1163.745375994598
1116,0.001,95.0,3.075061050061056,6744.676463151148,2193.347173714561
1117,0.001,96.0,0.698706784083499,4440.438347940702,6355.224321694933
1118,0.001,97.0,1.518174603174604,1899.248317221592,1251.007830884628
1119,0.001,98.0,0.3814532162071191,972.3436751570302,2549.0509290373193
1120,0.001,99.0,2.476653796653797,4395.390412060449,1774.729442604798
1121,0.001,100.0,0.591991341991346,555.4479931434978,938.2704673941289
1122,0.001,101.0,0.906963435534865,3114.280666628327,3433.7444538673567
1123,0.001,102.0,0.34087301587301605,259.7846262796297,762.1155509018237
1124,0.001,103.0,0.9549603174603188,744.3332499457614,779.4389320022091
1125,0.001,104.0,1.9563492063492067,2128.616501620114,1088.0554937287395
1126,0.001,105.0,0.9792658730158721,8878.003146873796,9065.9782920158
1127,0.001,106.0,0.23809523809524,153.01990205343242,642.6835886244111
1128,0.001,107.0,0.14460388321995502,706.6890347010983,4887.068168329637
1129,0.001,108.0,0.19619047619047802,1553.048386043603,7916.023326921203
1130,0.001,109.0,1.616922284065143,1660.7228349976137,1027.0888411670292
1131,0.001,110.0,0.354944499944505,1270.7080327214765,3580.0189407644
1132,0.001,111.0,0.7167658730158721,6250.43073238254,8720.324122133714
1133,0.001,112.0,11.437385142462777,24036.01178629083,2101.530331181558
1134,0.001,113.0,3.6957423604362494,12700.73162622725,3436.5846932923223
1135,0.001,114.0,1.318650793650794,987.10399772996,748.5711929820941
1136,0.001,115.0,0.33304716117216204,485.76610441818724,1458.5505029033418
1137,0.001,116.0,2.4357936507936473,8049.017173116331,3304.4741579376987
1138,0.001,117.0,0.08333333333333401,154.8232041740551,1857.878450088646
1139,0.001,118.0,0.41795634920634805,1149.1016124302962,2749.3340264176163
1140,0.001,119.0,0.49689153439153805,1401.6565462442131,2820.8501236806
1141,0.001,120.0,3.337499999999999,14419.522111003414,4320.456063221998
1142,0.001,121.0,0.488762838468722,2480.552316557682,5075.165543127566
1143,0.001,122.0,4.476097883597885,4094.8896268615335,914.8346915885726
1144,0.001,123.0,0.7154761904761888,1355.4699219366628,1894.5003900612303
1145,0.001,124.0,2.0442460317460327,1183.2580156934184,578.8236823347399
1146,0.001,125.0,0.090231990231992,431.71362053693167,4784.485185652776
1147,0.001,126.0,6.797619047619049,2576.690017633045,379.0577258864724
1148,0.001,127.0,0.027380952380952,104.80072054567282,3827.5045764507126
1149,0.001,128.0,0.071428571428572,13.672954016684699,191.42135623358428
1150,0.001,129.0,0.07650793650793701,96.09030280718464,1255.952090633318
1151,0.001,130.0,0.85625,1061.782320542047,1240.037746618449
1152,0.001,131.0,0.35748079877112293,345.2822615353928,965.8763847522333
1153,0.001,132.0,1.012301587301587,872.4107040764275,861.8090843875334
1154,0.001,133.0,0.36904761904761996,146.14919648130157,396.01717756223553
1155,0.001,134.0,1.245238095238094,751.8609323429425,603.7888940421342
1156,0.001,135.0,0.8452380952380951,850.9190404457072,1006.7211182737946
1157,0.001,136.0,4.601948051948051,2635.131555471158,572.6121906907837
1158,0.001,137.0,0.25438095238095104,1943.934763406554,7641.825165020189
1159,0.001,138.0,0.86031746031746,701.4011002952724,815.2817217454276
1160,0.001,139.0,1.0204761904761899,544.1121091355814,533.1943206648257
1161,0.001,140.0,0.019642857142856997,24.405479980038685,1242.4607989837968
1162,0.001,141.0,0.410714285714286,265.1832980934521,645.6636823144917
1163,0.001,142.0,0.40824377716803495,3535.156881421319,8659.426252482062
1164,0.001,143.0,0.05924603174603,217.1524037897853,3665.264953451273
1165,0.001,144.0,0.341619253762115,1335.060959261236,3908.0378068822183
1166,0.001,145.0,1.349603174603175,1021.2837511973348,756.7289188524796
1167,0.001,146.0,0.655347763347767,2965.5928072908914,4525.220002493805
1168,0.001,147.0,0.055173992673992006,46.08723915670399,835.3073055455828
1169,0.001,148.0,2.5986240162026704,4672.44698820199,1798.046565824388
1170,0.001,149.0,0.08407738095238199,251.38512677125587,2989.92575558021
1171,0.001,150.0,16.737763289577813,26413.298844049135,1578.0662199050237
1172,0.001,151.0,0.029894179894181,38.408266659589366,1284.807504187986
1173,0.001,152.0,0.026190476190476004,28.992670097680275,1106.9928582750729
1174,0.001,153.0,0.8142857142857141,7542.684062941741,9262.945340454773
1175,0.001,154.0,1.0522751322751362,3811.603373763779,3622.249787014036
1176,0.001,155.0,0.028828197945844996,21.430114540328407,743.3733659171411
1177,0.001,156.0,0.076587301587301,134.02777777777675,1750.0
1178,0.001,157.0,0.104959590673879,561.1559344099327,5346.399798313867
1179,0.001,158.0,0.171050642479217,1334.8410981930908,7803.777167076568
1180,0.001,159.0,0.06891156462585,76.67011150348554,1112.5870079972783
1181,0.001,160.0,3.0506802721088517,9498.205742245109,3113.471388359967
1182,0.001,161.0,0.03248299319728,116.40614983621704,3583.6029373661427
1183,0.001,162.0,0.023809523809524,66.88707386110565,2809.257102166415
1184,0.001,163.0,0.010119047619047,8.9250216491238,882.0021394428765
1185,0.001,164.0,0.032738095238094,50.20170671990718,1533.4339507172228
1186,0.001,165.0,0.016190476190477,61.9381308999714,3825.590437939218
1187,0.001,166.0,0.023809523809524,57.798049639301055,2427.518084850625
1188,0.001,167.0,0.547619047619048,1454.0390623631379,2655.201766054424
1189,0.001,168.0,0.01984126984127,340.12805417323773,17142.453930331045
1190,0.001,169.0,0.032724380074610995,143.21826815802586,4376.50057331845
1191,0.001,170.0,0.071428571428572,18.232624174970557,255.25673844958578
1192,0.001,171.0,0.012317489903698001,85.15234067296504,6913.124454634243
1193,0.001,172.0,0.010389610389610001,1016.9091116199647,97877.50199342526
1194,0.001,173.0,0.013408521303258,78.05118796681624,5821.013831543929
1195,0.001,174.0,0.5630952380952399,716.7337042857267,1272.8463247357474
1196,0.001,175.0,0.269642857142854,411.9793192784533,1527.8703231518975
1197,0.001,176.0,3.100615302300697,3680.0729313087363,1186.884722067286
1198,0.001,177.0,1.6503968253968226,5306.632955402507,3215.3678883419907
1199,0.001,178.0,0.339126984126985,657.6840498216001,1939.3444951444278
1200,0.001,179.0,0.004329004329004,4.377385764514785,1011.1761116029921
1201,0.001,180.0,0.008928571428571,16.48353647671828,1846.1560853925362
1202,0.001,181.0,0.011904761904762,104.7603642544431,8799.87059737315
1203,0.001,182.0,0.005952380952381,85.0909877044901,14295.285934354224
1204,0.001,183.0,0.01142857142857,28.472673323133805,2491.3589157745196
1205,0.001,184.0,0.011904761904762,39.623248272161916,3328.3528548615745
1206,0.001,185.0,0.021428571428571998,160.0317200396869,7468.14693518519
1207,0.001,187.0,0.043778801843319004,179.00986176854119,4088.9621056602655
1208,0.001,207.0,0.005158730158731,21.881062060987702,4241.55972259077
1209,0.001,214.0,0.14238095238095402,1177.6451620937485,8271.086422731918
1210,0.001,215.0,1.597931929181932,4234.803240759594,2650.1774971901455
1211,0.001,216.0,0.014186507936508,44.264001157946964,3120.147773930793
1212,0.001,224.0,0.004761904761905,10.849848503609493,2278.46818575788
1213,0.001,225.0,0.014186507936508,44.264001157946964,3120.147773930793
1214,0.001,229.0,0.007142857142857,155.23777967877749,21733.28915502928
1215,0.001,232.0,0.015873015873015997,285.8812852538669,18010.520970993475
1216,0.001,233.0,0.09105339105339301,136.76799865391925,1502.0637570073534
1217,0.001,234.0,0.15504169862906,946.8008006292765,6106.749403555711
1218,0.001,235.0,0.44960317460317706,1192.9988628671742,2653.4484858122355
1219,0.001,236.0,0.27470238095238,235.58614700013413,857.6050421673385
1220,0.001,246.0,1.464285714285713,302.20439045038603,206.3834861612394
1221,0.001,247.0,0.012925170068027,93.5112553815563,7234.818179520526
1222,0.001,248.0,0.137382644555583,780.4870380239173,5681.11816851905
1223,0.001,249.0,0.023809523809524,166.17824543969112,6979.486308466971
1224,0.001,251.0,0.410191409897292,1956.0748080616008,4768.687887811651
1225,0.001,252.0,0.263221153846154,340.1819777618187,1292.3808470220683
1226,0.001,255.0,0.016529961266803003,58.47201031778941,3537.334986695844
1227,0.001,264.0,0.021428571428571998,76.01885502186637,3547.546567687003
1228,0.001,278.0,0.00952380952381,52.43548305819015,5505.72572110969
1229,0.001,287.0,0.00297619047619,22.616130185797655,7599.019742429228
1230,0.001,296.0,0.011904761904762,40.733098267588495,3421.5802544774065
